,error,"[learn_rate, num_hidden_nodes, weight_range, beta]"
0,2.8645277082098213,"[3.0421208985006225, 10, 1.3367634527442092, 95, 129]"
1,3.4650978131407353,"[4.205046605957804, 2, 3.1629177849815786, 77, 98]"
2,5.3096560346646084,"[2.1261410799098814, 4, 2.966909856237546, 153, 395]"
3,5.603810399059801,"[4.6686043150484595, 13, 2.347100244221792, 417, 333]"
4,3.342361245538501,"[3.7854616440572086, 11, 3.43946256140934, 113, 58]"
5,3.030623896515535,"[2.9701427935426863, 17, 0.8420274397011032, 486, 65]"
6,10.840374509522583,"[0.7727452664934025, 3, 1.223177211293789, 460, 6]"
7,8.518942592380474,"[2.8338021253574954, 14, 4.327669696523074, 230, 405]"
8,3.1938769579728428,"[3.444648356170429, 7, 0.6647681720079103, 247, 182]"
9,10.110235130180124,"[1.7028203639120651, 12, 3.9994077933073706, 219, 203]"
10,3.82425416496245,"[2.197133015444513, 8, 0.8411301045295179, 237, 179]"
11,5.055354765910639,"[2.6121947613496888, 22, 2.393370002712378, 34, 230]"
12,5.261172620974896,"[2.495581603158171, 21, 2.2077815119508624, 329, 131]"
13,8.385123264126525,"[0.959713467464128, 17, 2.464576804124359, 153, 439]"
14,3.99978757169082,"[2.578219826843704, 18, 2.5852597379193827, 63, 172]"
15,8.97605776450976,"[3.0166940922807646, 9, 5.203515251424185, 108, 464]"
16,5.12723799760678,"[4.925878034566247, 15, 2.2892535926522526, 332, 388]"
17,14.445174932937586,"[4.275244004297929, 22, 4.161642011806725, 159, 77]"
18,3.688794266259227,"[4.914505316007101, 6, 3.471895312039923, 426, 99]"
19,6.219773339169211,"[3.5696539205194266, 1, 4.4387513491368304, 10, 41]"
20,17.029282921673243,"[3.2791961675301544, 9, 5.03785281003789, 108, 82]"
21,9.36927948435417,"[1.4957799676753933, 18, 4.6955743016572145, 115, 228]"
22,7.618482566377828,"[3.7152215085578004, 19, 2.1483236829294166, 11, 365]"
23,7.725278821442458,"[3.0319995908883324, 15, 2.890115626028473, 188, 278]"
24,1.3953707213553004,"[3.128169149709358, 10, 1.9450568045853187, 20, 407]"
25,8.326309245735924,"[2.541729667846669, 15, 4.7885526070282785, 233, 142]"
26,7.251511069392985,"[3.5202557602321027, 11, 3.6083071693748137, 426, 449]"
27,4.453441704616145,"[3.217633054147515, 11, 3.0787152449949757, 102, 193]"
28,9.322991413788731,"[0.3310871339894037, 22, 3.1843624302766838, 109, 289]"
29,8.491761483703636,"[1.996168487579131, 9, 3.985074017841111, 371, 491]"
30,3.5713469961914477,"[1.2490914983222299, 10, 4.2239563692303985, 202, 150]"
31,5.614359268494894,"[2.0977822844902585, 22, 2.9284170549067383, 328, 30]"
32,3.5932541432724414,"[2.7597473187492243, 22, 1.2783900246500863, 307, 444]"
33,8.902292806159593,"[0.751569679330541, 11, 3.553442649967274, 187, 423]"
34,1.732653221260716,"[4.153756976180498, 8, 0.8159698666129396, 167, 443]"
35,6.266761253490747,"[1.2142269125367418, 8, 0.7603247760769996, 238, 416]"
36,1.3030193195741209,"[1.4788969171300612, 11, 1.9745606850305712, 313, 284]"
37,6.765538674428529,"[0.6465337610214942, 18, 4.6709860796565215, 152, 256]"
38,8.400949497469698,"[3.559902305973246, 10, 4.56827029906288, 308, 278]"
39,2.8640957097691717,"[1.6183053294239362, 25, 1.3138962129243683, 121, 398]"
40,8.129617021857014,"[0.5902377328504742, 6, 4.766450455102401, 209, 61]"
41,3.7131099088185584,"[0.4129899684703837, 23, 1.8813993510832403, 244, 359]"
42,7.028580933287763,"[2.961979746635549, 8, 3.822040963617867, 479, 479]"
43,2.804047658110213,"[3.7716998421821453, 17, 1.2795218344096613, 6, 437]"
44,2.010978078030345,"[1.5543354321600387, 25, 1.76258171027502, 496, 327]"
45,13.036424734045625,"[4.08991183589039, 24, 2.911591733227686, 481, 369]"
46,4.5790758829383265,"[4.915848873874583, 13, 1.5651240873510428, 268, 316]"
47,4.5695250136057615,"[1.6331168859649972, 25, 3.8119970101875174, 376, 167]"
48,12.452873181737035,"[2.0975220105476002, 20, 4.219899752999476, 482, 481]"
49,10.658525162661487,"[0.23281532358855792, 24, 2.2795494053471037, 88, 249]"
50,11.436917403625078,"[1.8959575359439902, 16, 3.744734600167403, 365, 197]"
51,6.816815407864401,"[0.3823678463022724, 2, 3.263267495399653, 33, 500]"
52,5.049406777028847,"[2.616778208275352, 7, 3.503194519990116, 373, 228]"
53,3.1559202912657893,"[1.8295973311569775, 11, 1.1480738216474302, 40, 325]"
54,9.399629762563267,"[0.961537582302579, 19, 4.0897183227634475, 39, 105]"
55,1.838118035068827,"[4.54447761998063, 7, 1.1744203501268555, 244, 246]"
56,1.677722961550824,"[1.5607938117383875, 12, 1.5157816709425385, 459, 195]"
57,13.858965843128386,"[0.3453702177110285, 19, 4.258397562866848, 143, 52]"
58,8.819859391232908,"[4.591483616855808, 25, 2.8003489927337615, 167, 83]"
59,13.158871541815145,"[0.309299630010711, 10, 5.21138261449901, 120, 285]"
60,12.70061059807256,"[0.5908241823714108, 23, 3.506985154472097, 304, 194]"
61,4.405382935787223,"[4.119747749122815, 3, 4.291804784893899, 404, 83]"
62,8.475330687751242,"[3.9685448677748325, 21, 2.7165089753069553, 41, 82]"
63,2.2649636679708998,"[4.389752780587335, 6, 2.670896248665316, 447, 77]"
64,5.691803564264192,"[1.8876001219942506, 3, 2.6945781082649725, 432, 78]"
65,4.684072287975425,"[2.5237900189501214, 4, 4.561894358805185, 106, 83]"
66,4.556368574774182,"[1.8059711358407677, 11, 2.6513124580523413, 138, 49]"
67,11.568425355041386,"[2.8269853192933785, 25, 4.07926830968072, 193, 227]"
68,8.732352559427992,"[4.403559373969335, 17, 4.148674202755973, 472, 136]"
69,12.391273274611788,"[0.9474009966858823, 4, 3.8046144397815818, 18, 106]"
70,8.94590628136503,"[0.566763061150686, 2, 3.611017460661304, 391, 315]"
71,3.2157368804118196,"[4.898411313515338, 8, 2.2517734321706184, 176, 493]"
72,9.821590343460606,"[4.258636094226566, 23, 2.6869594195370095, 286, 16]"
73,9.008850095185968,"[1.6507741851083464, 22, 5.063680262264398, 388, 106]"
74,2.7867148022383033,"[2.552929688749681, 4, 1.6081956754748254, 464, 258]"
75,11.979052494891265,"[0.38379011609445135, 6, 4.320646770415891, 392, 180]"
76,7.038199058193512,"[0.23549175871101188, 11, 0.8090941245673928, 53, 343]"
77,13.290077839987974,"[2.1677192446831017, 11, 4.975197059329739, 378, 286]"
78,2.5373181191004592,"[2.1241135526557047, 16, 1.0086777875995392, 435, 299]"
79,13.057593171768136,"[1.956769602176671, 17, 5.305630735083972, 488, 235]"
80,1.7397845419895304,"[1.644486278038643, 15, 1.9054660890452884, 292, 264]"
81,6.369224012058667,"[3.8933832467054703, 1, 0.8593533765592589, 464, 366]"
82,5.021798121638161,"[2.5302721456762742, 3, 2.780884288646644, 244, 184]"
83,2.3647449593157295,"[1.8423019066474347, 16, 0.9853320262823908, 354, 401]"
84,14.590655598774832,"[4.635108707384443, 19, 3.932765628546322, 98, 124]"
85,3.9201669209954852,"[3.056453506362416, 16, 4.78182760513452, 81, 454]"
86,16.290478853833086,"[4.089320226277948, 23, 3.768205033607607, 306, 199]"
87,5.755820278782803,"[4.460906921636742, 21, 1.0024341377730175, 39, 355]"
88,9.735233005488755,"[3.0219175866046184, 8, 5.274460430522404, 354, 32]"
89,3.379583620845617,"[4.795369274253208, 15, 0.5945709570505388, 43, 213]"
90,6.55820508155523,"[3.249015967697478, 22, 2.8945349724638794, 7, 248]"
91,4.51179129804899,"[0.8761066587981349, 22, 3.456462002136062, 208, 459]"
92,10.012394721653317,"[4.094929553852354, 16, 2.949028499005265, 472, 412]"
93,5.196457855691147,"[1.830733961979865, 10, 0.6071733220700688, 100, 290]"
94,16.616863436234393,"[3.0033989663281666, 16, 4.665011721807829, 237, 413]"
95,8.981777720370218,"[1.2407550804242247, 24, 3.6336256229368287, 329, 66]"
96,4.190369677062479,"[2.1600830714673944, 16, 2.7019011920122895, 355, 344]"
97,11.262491767332676,"[0.42822701872323443, 23, 4.693584340516106, 422, 192]"
98,8.179381341526712,"[4.556870882657758, 13, 3.213600620711654, 243, 279]"
99,5.261620693761393,"[4.4180434483572535, 9, 4.65140191110272, 215, 436]"
100,4.255838825663475,"[3.888528657940756, 20, 1.5177913807988623, 107, 382]"
101,2.815464153192121,"[2.6525191640917427, 8, 3.504169118391467, 307, 310]"
102,5.601860444565219,"[4.874774182589251, 10, 5.046284915253521, 284, 129]"
103,1.211595264478646,"[4.527306658850455, 8, 2.0675640281299184, 86, 132]"
104,1.9439321998881907,"[2.966688801281654, 12, 3.310472874046182, 438, 340]"
105,12.670234496736633,"[0.5954755845855076, 21, 2.812342816715028, 91, 170]"
106,1.5397168744380347,"[4.799534690638369, 8, 1.4511063008999796, 438, 336]"
107,2.2695708973185686,"[3.518709392470978, 8, 2.7307663405003266, 75, 289]"
108,9.564868468349836,"[2.9199203210176883, 19, 3.6754084856308085, 134, 385]"
109,10.342730608289989,"[0.4304786886077059, 6, 4.989018873048474, 349, 19]"
110,9.826299329935072,"[0.19823210129174254, 5, 0.5552704785949215, 61, 252]"
111,10.387217592563141,"[1.5716037249292245, 16, 5.370602638357411, 107, 413]"
112,3.2335055850243575,"[3.188010445072149, 2, 3.0754121313167126, 398, 38]"
113,10.393655025918568,"[3.2697324711422193, 25, 3.4845398245174835, 88, 311]"
114,15.395986608628593,"[4.2101214112777425, 15, 4.552129487249489, 245, 1]"
115,11.538974688424203,"[4.412353156889923, 10, 4.794825675197503, 63, 364]"
116,2.2225591642314577,"[4.159186778162898, 4, 0.5476716411029282, 133, 429]"
117,8.015351463833781,"[1.7722772271055662, 19, 3.767685550313468, 122, 69]"
118,5.7452290571833,"[2.540363866885087, 22, 2.588639920069606, 95, 244]"
119,3.267823552220632,"[1.5171133022838459, 14, 3.6794658897864023, 33, 249]"
120,2.9610607883173206,"[2.312782613174815, 3, 2.2845673346691746, 247, 119]"
121,6.462565400020219,"[4.854253836315086, 8, 4.932723627316164, 18, 460]"
122,15.52568328724822,"[1.9283523631119077, 15, 4.385324803942337, 116, 196]"
123,6.139170674552875,"[2.488291049161903, 22, 3.42106297962349, 318, 398]"
124,10.115410378957188,"[2.687509657427392, 23, 4.313423186887947, 80, 457]"
125,7.10406509069801,"[4.413678701208607, 14, 2.530698605192029, 375, 52]"
126,8.643069873967338,"[3.9246297590605064, 21, 4.306470502222835, 488, 302]"
127,11.444574548133794,"[4.603840022556416, 21, 4.189752027581987, 329, 63]"
128,4.6774459471568015,"[1.5597513168432477, 5, 2.957856058762994, 241, 293]"
129,6.898536500330017,"[3.6348269500207606, 2, 3.7693004317296075, 311, 161]"
130,17.013114647062324,"[4.860438398082985, 23, 4.47918314052502, 431, 168]"
131,3.285133959195855,"[4.419309273507769, 13, 1.0427089835216743, 230, 453]"
132,3.3979188479359905,"[3.036139195820497, 11, 3.3533007234933527, 108, 308]"
133,12.829181114542926,"[2.692124325526068, 21, 3.39024620935026, 424, 156]"
134,5.951006359073265,"[1.472555983278541, 1, 2.695507820165231, 315, 294]"
135,10.225147180398249,"[0.6745544699797125, 23, 3.0228571234845676, 31, 409]"
136,22.621163058104532,"[3.3426346166984158, 21, 5.330546581565431, 413, 413]"
137,7.634422297428464,"[3.902276506661003, 9, 3.7828104265156344, 267, 116]"
138,3.5550613740489263,"[4.91898033390635, 2, 3.998829483614436, 215, 227]"
139,7.55850364439178,"[1.6100182499183235, 18, 4.714841256195647, 50, 46]"
140,3.3326708440190673,"[2.946655533835219, 19, 0.5740762267967909, 314, 483]"
141,5.265422233059509,"[1.929743204426393, 23, 3.239566610363036, 294, 74]"
142,3.434137371732575,"[2.173479827974537, 5, 2.851866102268305, 142, 168]"
143,6.694383407200269,"[0.28402045859776426, 19, 2.5017210075987064, 404, 191]"
144,14.582364685840314,"[4.973110212731008, 13, 5.383647080832874, 242, 431]"
145,3.79622636854409,"[0.9756721531634781, 8, 3.219581312562372, 229, 269]"
146,8.159037456506294,"[3.6761180355166005, 14, 3.9960111651370656, 287, 342]"
147,4.9643864756004135,"[3.3960112925792068, 7, 4.741766821189233, 184, 487]"
148,10.76034621110998,"[0.41504952926155636, 12, 3.0345260704348025, 249, 204]"
149,7.423020169252453,"[0.2324834061555112, 7, 0.5032762423355909, 121, 90]"
150,9.427916343435056,"[4.781322816563659, 4, 3.0229599765141746, 49, 4]"
151,4.821190692501032,"[3.3574050300050415, 9, 3.4163964122620305, 93, 463]"
152,3.3264751147290736,"[1.3418683663152517, 23, 1.193059355750821, 330, 198]"
153,7.1437388962649475,"[4.776725259438132, 11, 4.158248220979629, 321, 63]"
154,6.094113411130982,"[4.535871808326587, 23, 3.371614926664326, 169, 472]"
155,7.000008419571062,"[0.7848849979990143, 11, 0.516240854216224, 306, 419]"
156,4.18372748869779,"[2.56193752105624, 14, 2.6817107480058877, 287, 498]"
157,2.129343919238152,"[4.101086676294667, 11, 1.0895601147389091, 357, 437]"
158,3.5730126014766688,"[3.3746430188723164, 18, 0.5507195889914286, 352, 315]"
159,7.134951855953824,"[4.634063670606363, 13, 3.2832318653588786, 190, 298]"
160,13.949832575248605,"[4.910997512788304, 20, 4.339791973694661, 374, 208]"
161,5.280254058135272,"[4.371713365703818, 4, 4.065691586750532, 445, 21]"
162,5.268637022962496,"[4.346406452482345, 1, 1.9025458111453013, 495, 299]"
163,4.7957703689506035,"[0.5087775994180133, 21, 2.1333288638193872, 475, 364]"
164,4.409347656234519,"[2.7547850863919328, 2, 1.2352725586854283, 453, 441]"
165,13.506931801472424,"[2.535594694336293, 16, 5.110462159301768, 175, 32]"
166,5.228045389262229,"[0.27958861608994734, 21, 1.2836989070648976, 146, 347]"
167,2.2121439694064113,"[3.763065708411195, 9, 2.7265429914790906, 100, 105]"
168,6.474683829897305,"[2.4288762404442243, 23, 2.752629022231983, 125, 493]"
169,14.515057701195074,"[3.674780709297361, 20, 3.7815506451609595, 389, 195]"
170,7.165984984786182,"[4.494582609210576, 13, 5.417534020334067, 329, 410]"
171,4.496134665267042,"[3.1422158818487556, 20, 1.870325488596861, 437, 46]"
172,4.023421618981847,"[1.847785525652845, 24, 0.8889980520081116, 395, 31]"
173,8.237234001137221,"[3.6821787490566344, 15, 5.002290937099257, 440, 269]"
174,10.964898951071017,"[0.18365626667084778, 13, 4.55867453562108, 124, 181]"
175,4.76440072781231,"[0.5515410196127606, 24, 0.8968679699246453, 71, 437]"
176,2.765780974262844,"[1.5642663669269132, 5, 1.5293633477458173, 181, 498]"
177,8.08725179469284,"[0.710061882056435, 15, 5.281985280102493, 228, 269]"
178,4.155017616785416,"[3.2690594007220235, 9, 4.388642352247458, 499, 262]"
179,13.282736777098258,"[1.9186329066335888, 25, 4.876214740587481, 480, 429]"
180,1.360656034861044,"[4.321826787069812, 4, 3.217287486391444, 383, 233]"
181,1.9236207173179942,"[4.683693133740774, 8, 2.2308426160611328, 172, 131]"
182,6.857372123470323,"[1.1781885171237598, 4, 1.6330991548711087, 165, 500]"
183,10.287903339219513,"[1.9258898605476518, 19, 3.995447364073305, 179, 193]"
184,3.5060621476559115,"[4.5030832334531885, 15, 0.5363832242162943, 481, 459]"
185,1.5553201514099275,"[2.4856724492451128, 10, 2.0326222999857952, 469, 114]"
186,12.64536477914172,"[1.4098125580921097, 25, 3.8771347035958454, 146, 217]"
187,3.975192052837655,"[2.828386076032189, 7, 4.631823215209356, 303, 348]"
188,5.203224214372005,"[2.233118627234922, 5, 3.6147770096363376, 182, 50]"
189,1.6391489637298366,"[4.168050939203902, 8, 1.2261518138211431, 200, 162]"
190,4.738768503015059,"[4.057504575139947, 5, 3.77194258221373, 367, 74]"
191,10.960661703419204,"[4.577721366291438, 14, 1.1429364436942104, 253, 4]"
192,6.145391457174037,"[4.661411689063174, 16, 2.0833486857798595, 439, 169]"
193,5.407038451355762,"[0.7045035426136799, 12, 2.21911008645643, 321, 162]"
194,7.086326834016949,"[4.610323357098627, 17, 2.0235728226950394, 80, 208]"
195,17.66675342650028,"[0.25847448287752944, 15, 3.5016003871953463, 51, 2]"
196,3.7459342062153174,"[1.9843338189263977, 9, 3.109025305157244, 219, 414]"
197,12.066132832165138,"[1.6802752425055547, 6, 5.419869943062421, 79, 398]"
198,6.41046818853384,"[1.7242711285073402, 22, 3.637700131723718, 327, 285]"
199,2.3775318918082204,"[3.894845447279501, 9, 1.3775710161188162, 489, 261]"
200,4.306428465170072,"[1.7734865592480629, 15, 3.436065143872282, 266, 275]"
201,7.570710179935855,"[1.506119874527953, 24, 3.575685627374331, 179, 494]"
202,2.7050209054926126,"[1.302146323309246, 22, 1.8175062090732872, 258, 286]"
203,10.073277005141044,"[3.0973849266053772, 19, 5.0998566819786895, 36, 156]"
204,4.6499114743328365,"[3.916762733187513, 6, 3.5412528201728897, 265, 123]"
205,13.700671493996342,"[4.628951553828821, 19, 5.065176293811924, 122, 191]"
206,11.244027284604503,"[4.418984599112779, 16, 4.195369252096796, 71, 220]"
207,2.856585964000963,"[4.519620885942827, 2, 4.413555556931334, 331, 352]"
208,2.15012331238582,"[3.3611524726255384, 7, 2.7830498786578297, 360, 433]"
209,5.254567932086429,"[2.6038143946095182, 3, 5.3079315529169095, 313, 493]"
210,10.533713697482685,"[4.594262893614465, 22, 2.37188496813817, 289, 84]"
211,9.280515832157409,"[4.805021493885013, 19, 3.509005580456149, 217, 367]"
212,7.877567486782661,"[1.388716408951753, 17, 2.8691238666883123, 494, 440]"
213,10.170399010774059,"[0.3040930418666407, 20, 3.179604195778852, 314, 426]"
214,4.077849170202245,"[4.7694236840334145, 11, 1.5990049535281685, 396, 232]"
215,3.423326078018482,"[3.5181835121105665, 17, 1.3506740794249974, 434, 116]"
216,8.016046790682399,"[4.607917024641862, 16, 3.6643324729519717, 420, 307]"
217,6.68369437129343,"[0.38188107276126737, 15, 0.6352541320603523, 371, 207]"
218,4.079369656731728,"[0.9891173814318143, 2, 2.589742596977025, 31, 354]"
219,7.455360897050138,"[4.289077605359706, 17, 3.8240811016310916, 376, 446]"
220,2.111677037013333,"[4.709751379842245, 5, 0.8766276800009289, 209, 241]"
221,4.2116363463114865,"[2.3697413991157594, 20, 1.6975955309973731, 159, 328]"
222,6.944759002817234,"[0.4440319568437515, 6, 2.8623968250593057, 180, 146]"
223,4.09979073384131,"[2.597950824934248, 2, 1.2882824493386704, 450, 310]"
224,10.700162736945614,"[4.176865633282269, 13, 4.780406801470199, 13, 293]"
225,7.798146895370284,"[0.331012359386912, 5, 0.692657595847523, 458, 347]"
226,11.65549981677606,"[0.13189268508708513, 11, 5.367737152963832, 305, 354]"
227,10.94779757989865,"[1.4744262088877509, 2, 4.220549299735395, 148, 464]"
228,13.132103495823426,"[2.967180389780824, 2, 5.377087463554596, 336, 473]"
229,2.7337494731028515,"[1.8468950139907752, 12, 1.1212920233422792, 430, 107]"
230,12.366720341231128,"[2.3357976020551563, 22, 3.120023828847693, 344, 338]"
231,12.381888118421102,"[2.1196635712782013, 23, 4.170614819800722, 109, 410]"
232,2.0887366056771652,"[1.8120279663144978, 7, 2.5879788042960046, 84, 258]"
233,3.165160433294804,"[4.3596472110734945, 9, 2.2045390710189787, 439, 332]"
234,12.973715412550003,"[4.788129824195332, 23, 3.000043432680622, 368, 23]"
235,2.4545102080818477,"[1.9369997284818803, 8, 2.737892345203758, 363, 418]"
236,5.083763569249378,"[4.542399112282369, 13, 3.0899866043469317, 353, 491]"
237,9.137240387652724,"[1.2626768832485586, 6, 5.042304883771541, 427, 451]"
238,5.324421402915581,"[2.263451919287527, 22, 2.208091021204802, 378, 406]"
239,3.0008886892339257,"[2.3329251455425437, 10, 1.9675874220037202, 81, 293]"
240,7.8402934762521515,"[4.36046738839515, 14, 3.4287028411702964, 371, 105]"
241,6.065824857317659,"[3.304634299116505, 25, 0.8479745968664694, 110, 27]"
242,13.061559678954085,"[0.4584798609558055, 23, 2.9025410252236785, 29, 368]"
243,3.960471656480549,"[1.6910340055085566, 21, 2.889184280651213, 112, 156]"
244,11.786204795607686,"[2.2538899809571737, 24, 3.811053385881284, 386, 85]"
245,14.887297001309253,"[0.3066441015540852, 7, 4.784021392981188, 448, 461]"
246,4.764151070006072,"[1.096355673825361, 22, 0.6429034937269053, 125, 407]"
247,11.41239943053998,"[2.241362614767551, 17, 4.642136831473978, 137, 462]"
248,7.9062496980123855,"[4.312495266221767, 8, 4.6714923621329225, 226, 316]"
249,6.598961537033192,"[3.8968188154679058, 1, 2.8288463008061555, 343, 10]"
250,15.245983474420488,"[0.19785897095795196, 24, 3.843320506246023, 426, 186]"
251,3.1636635797390324,"[3.65832492021659, 13, 0.6266864892678393, 459, 415]"
252,6.6725284258002135,"[3.8592277504298997, 5, 5.080973313598406, 488, 370]"
253,5.8593197759528435,"[4.621297986468668, 21, 1.1537172414820303, 247, 72]"
254,10.911288005948391,"[0.48613160328328664, 8, 3.63138375051383, 335, 435]"
255,9.679900014831867,"[3.088206519552696, 22, 2.7538275512785284, 190, 202]"
256,4.352507938298444,"[1.4734480382164707, 15, 2.7157939660474035, 484, 370]"
257,8.806967698889789,"[3.2568565907444977, 1, 1.6921154350756589, 413, 283]"
258,6.9698508966290005,"[2.4421671184443623, 11, 4.106298311700759, 98, 6]"
259,6.361320217741123,"[0.8429600669420706, 17, 0.5744259682912951, 397, 182]"
260,5.737416527837322,"[1.3549313085679933, 6, 0.6506145811808468, 495, 104]"
261,2.656891441533464,"[3.28978115981531, 12, 1.400237470265767, 266, 103]"
262,3.449213036622223,"[3.304839220937617, 3, 4.372993195787149, 30, 103]"
263,17.821809845097317,"[0.46061633296322424, 24, 5.1750602977903775, 202, 432]"
264,4.186175788805333,"[1.5095378627732532, 7, 2.0880528812853125, 306, 291]"
265,11.524374549097425,"[0.17065940851952077, 16, 2.5884422757148116, 78, 396]"
266,10.16467139670057,"[3.2609069663259027, 12, 5.046359068503083, 244, 176]"
267,7.934604941564922,"[3.4240397178213646, 1, 4.783103026136225, 325, 19]"
268,8.825388601738634,"[3.7909920372598624, 14, 4.414603789620967, 13, 490]"
269,6.170762322536463,"[2.606078996298222, 1, 1.4683158252093351, 27, 365]"
270,12.531914709749008,"[0.3090805688653575, 12, 2.781060829116443, 216, 319]"
271,10.24799765067147,"[2.9852421718389905, 2, 4.027851578484544, 436, 194]"
272,5.075943334363167,"[2.8886291005516425, 14, 3.744844427912727, 377, 310]"
273,6.486664059542155,"[2.962561160414314, 1, 1.5067043858485005, 192, 384]"
274,8.099430502779095,"[2.3109499118709773, 19, 3.7965395363015357, 427, 281]"
275,2.4046402858620852,"[3.0504175981712347, 3, 2.7331175580075264, 449, 431]"
276,17.183363,"[2.654867150305132, 6, 1.8083051718128715, 238, 0]"
277,12.708132041608376,"[4.626497067187535, 13, 5.114294310196016, 304, 476]"
278,4.501483982875505,"[4.115147995439229, 16, 2.125109679473676, 338, 215]"
279,14.406840674581114,"[3.947294561550174, 20, 5.2655845245454795, 494, 473]"
280,16.12425642487832,"[4.075826535056193, 23, 3.887198786841947, 269, 476]"
281,16.00021518642017,"[0.14063329046160722, 22, 5.230376661773457, 207, 207]"
282,9.262044668487587,"[2.25789427126662, 15, 4.893455835792856, 284, 259]"
283,19.547117243548765,"[3.947394852179581, 19, 5.197470900586077, 239, 146]"
284,6.862277056210691,"[4.959668936184881, 15, 2.5099087939807996, 85, 413]"
285,10.18393830620998,"[1.583467358051298, 25, 4.520837063915637, 18, 397]"
286,8.804946795626575,"[1.0042489076875236, 1, 2.339158785798835, 29, 274]"
287,2.3819452007681012,"[3.089716917650129, 7, 1.927048506127023, 180, 313]"
288,8.223162162138738,"[1.4631292580535042, 7, 2.949348671773623, 79, 92]"
289,7.714974540152021,"[2.7067036648984257, 20, 2.301508693955064, 280, 330]"
290,5.448654762399427,"[1.0557762859568005, 19, 2.706362484337894, 31, 71]"
291,3.5010939606488405,"[2.3552286215058156, 3, 1.4483517245253017, 245, 379]"
292,8.436613423544937,"[3.7848906678702425, 10, 4.829312351181093, 169, 83]"
293,9.817129860372349,"[3.442901395935372, 14, 5.35442565231169, 424, 96]"
294,12.039550550873038,"[0.9321407258946316, 10, 3.765959818950583, 498, 293]"
295,7.510132101250671,"[3.1881757003735505, 7, 3.9420674399081963, 21, 18]"
296,2.7482618611217857,"[1.0703821285675095, 17, 1.2136752061648943, 447, 219]"
297,13.503302758162251,"[3.9721183805990026, 21, 4.730377334712415, 196, 32]"
298,10.772539186490997,"[3.807906565650247, 24, 3.165058758886368, 471, 249]"
299,3.7904031768628808,"[3.5589833176432477, 24, 0.6126233594548853, 36, 115]"
300,3.932827237114563,"[2.5086191744423334, 14, 3.70158968613565, 463, 348]"
301,13.427581627441704,"[0.9927148171265261, 20, 3.2564003779711106, 347, 143]"
302,16.87456677472906,"[4.615956959031337, 22, 5.013759474391979, 477, 335]"
303,7.416019056145297,"[4.14886892160343, 22, 1.452465610832217, 22, 93]"
304,8.185878709964406,"[3.085917074090032, 19, 3.8701176658064225, 427, 138]"
305,5.695409316097689,"[1.3508253898895177, 23, 4.209192262039575, 110, 74]"
306,3.968184382197929,"[4.627411555336709, 14, 2.3293139970665293, 250, 360]"
307,4.092279040987168,"[1.8097795406591863, 14, 0.5607662202800424, 407, 470]"
308,4.609304632694517,"[4.317389399969954, 1, 1.4238506106228057, 135, 469]"
309,4.323027835584664,"[1.329198423098421, 5, 1.1099291621125065, 417, 65]"
310,3.0525510325289797,"[4.816036217901998, 10, 0.5915019333105133, 314, 277]"
311,2.091422983017562,"[2.730795061974368, 18, 1.3667345363304597, 328, 405]"
312,5.077729886715285,"[2.5236166705236567, 24, 2.4984070948668853, 447, 258]"
313,10.70881111568566,"[0.5765352143578333, 18, 4.654409556474291, 24, 103]"
314,3.8642388757417354,"[3.3394182583112886, 2, 2.393907111321052, 420, 462]"
315,3.8873005258359354,"[3.628198242425814, 18, 0.5815111150044279, 252, 480]"
316,3.5096726560423512,"[2.834085967105242, 7, 0.6732678155047263, 98, 98]"
317,10.55783915778801,"[1.096778605665821, 20, 1.5123440871869858, 417, 4]"
318,2.8077250549193113,"[4.503366515267295, 10, 0.7148577782058697, 245, 412]"
319,2.133825361603088,"[4.77493662099317, 7, 1.2739020521361328, 64, 182]"
320,3.2292935464383263,"[1.4703324566882088, 19, 0.787063704387915, 327, 353]"
321,13.75085020741136,"[0.5953625213721289, 17, 4.564042749238154, 236, 266]"
322,4.502417396378032,"[0.4843742193866092, 19, 1.2594079900843966, 257, 38]"
323,1.6657431097817454,"[3.8218282394410856, 13, 1.8176425059075034, 490, 264]"
324,1.3987089391549057,"[4.485513075446931, 7, 1.307017207748479, 434, 244]"
325,11.401544811825717,"[3.853352609184697, 21, 3.197091862632485, 128, 206]"
326,12.582214382033293,"[3.399501505512205, 23, 5.480275857640574, 348, 19]"
327,12.882770739632614,"[4.486978561563342, 21, 4.49840027187171, 116, 74]"
328,7.5095307266042255,"[0.7691361765239806, 20, 2.6738698080886114, 420, 279]"
329,7.707551091599592,"[4.955150611548682, 23, 1.7800292442538261, 238, 51]"
330,15.609044489534408,"[2.184372350697408, 22, 3.911867242237449, 282, 38]"
331,8.696490607315221,"[1.3939058143704948, 2, 5.021273989297863, 168, 79]"
332,14.905327895693882,"[3.7084822323196756, 21, 4.134373790978998, 260, 206]"
333,13.72961471848459,"[0.9643147025618243, 21, 4.936308288184522, 242, 194]"
334,5.820982558936592,"[2.0629234713427875, 3, 3.1494233931740863, 252, 152]"
335,18.2518313067034,"[1.5467834135857537, 4, 5.458932843258083, 23, 264]"
336,5.067583612607686,"[4.237499476951791, 17, 1.7131587362256422, 446, 346]"
337,1.9954423639985581,"[0.9408300780371063, 16, 1.7145041331098374, 70, 473]"
338,2.850944036282259,"[3.030707411484911, 8, 3.4285615693994393, 447, 213]"
339,1.693548312786201,"[1.1183080672043957, 15, 1.3875832936824952, 310, 472]"
340,8.205740529293033,"[0.7036958272126479, 17, 5.249564783968113, 351, 176]"
341,4.22987879843633,"[4.24716226611105, 5, 3.0180328518878876, 433, 407]"
342,8.388777982415196,"[3.1644322556237703, 21, 2.4202023928839065, 351, 248]"
343,1.8435769345803548,"[2.5831663375168996, 12, 1.316901180080148, 46, 327]"
344,2.467847078719287,"[2.677431090750974, 13, 2.4210331936206226, 130, 362]"
345,3.261065641072915,"[3.882010957474873, 6, 0.7117481254285541, 7, 53]"
346,6.898161327386369,"[0.7404152720191757, 2, 3.714681299041114, 411, 298]"
347,11.488344150759275,"[1.2572120565037987, 20, 4.797889737255376, 161, 460]"
348,10.515063626100394,"[1.2663100951560606, 13, 4.184082412679642, 358, 55]"
349,9.57930796776228,"[2.2412144519610195, 15, 4.50787991125042, 117, 102]"
350,6.228680869181241,"[3.0494412310632804, 25, 2.7608216063088413, 450, 292]"
351,8.770333798049355,"[4.38018942010915, 24, 2.529115098716001, 272, 483]"
352,14.283549713352095,"[3.5413218837889358, 25, 5.071583978414575, 477, 212]"
353,16.839094990925055,"[0.19460795992149435, 11, 5.48779095337915, 279, 352]"
354,5.211799001445652,"[2.776408246637842, 24, 4.093503443725904, 274, 414]"
355,3.7676201631278348,"[2.5422795656285984, 19, 2.32934051123085, 457, 467]"
356,13.102014478908782,"[2.0897737687564475, 18, 4.886525297553318, 114, 6]"
357,7.439870464850008,"[1.4537762297398198, 4, 2.162158601583414, 398, 16]"
358,2.249828908813251,"[3.9241127280113512, 5, 3.830969581426441, 423, 385]"
359,2.8477991789022115,"[4.383261876133104, 5, 1.0873173734440442, 169, 26]"
360,3.0916224609587264,"[2.198988796329662, 4, 2.7894291905723256, 236, 118]"
361,12.49288471832878,"[4.999638600145141, 24, 4.6024335837104235, 209, 254]"
362,11.813714533601313,"[4.006098865542575, 14, 3.005607650270094, 449, 44]"
363,3.601585356755332,"[1.3288653509528319, 10, 2.517286743801061, 299, 370]"
364,17.1198505626283,"[1.2405124034487203, 7, 5.334726210047289, 19, 448]"
365,12.783469572485203,"[0.8246032719111749, 4, 5.472365413115643, 277, 193]"
366,7.95989874159026,"[3.017942805892053, 11, 4.167964378740315, 99, 265]"
367,7.150697286143919,"[3.331188210388895, 8, 4.043988971881438, 4, 41]"
368,2.8194500567236913,"[4.112887643013915, 13, 0.9017435828121614, 398, 409]"
369,2.123407558029256,"[4.849051392021154, 5, 3.3584574639646467, 46, 256]"
370,10.661143531086958,"[2.2318901231336192, 13, 3.567652561464092, 235, 138]"
371,4.908779884522663,"[1.6921188709755652, 1, 3.55638749443391, 320, 283]"
372,4.779406761825557,"[1.8795069852237591, 13, 4.086394156625873, 286, 492]"
373,12.62080563155077,"[2.374559418275659, 11, 5.178204318746682, 54, 282]"
374,4.450338259597113,"[2.66389518653843, 14, 2.415184397379473, 12, 131]"
375,5.5101479568323075,"[2.372417719199366, 11, 5.302407026381383, 261, 376]"
376,5.431423635988564,"[0.21280749694525394, 8, 1.6708279181411188, 155, 215]"
377,15.354665868233216,"[4.675487677281471, 24, 4.5861520572190075, 212, 421]"
378,1.3306718626816083,"[2.6249755953938925, 11, 2.0922791825643428, 282, 188]"
379,3.8305499671173964,"[1.9964309829391742, 25, 0.8487584108372632, 127, 482]"
380,8.916707680289978,"[2.3521058732891666, 17, 2.9736677026142804, 319, 467]"
381,9.975718658476442,"[2.8328014069964556, 23, 5.007129254683274, 252, 376]"
382,3.0524543079825044,"[3.819961573578464, 9, 1.656212592811148, 312, 81]"
383,10.645520950105437,"[1.9588684271600478, 23, 3.1349120454267867, 365, 342]"
384,4.276910683996299,"[1.7697220202182147, 3, 4.231331110963184, 487, 112]"
385,7.339849229179756,"[3.2270195531168238, 16, 4.958277879472615, 414, 173]"
386,4.536577218726678,"[3.2360054507378004, 12, 3.726784986471909, 172, 84]"
387,6.840242629019739,"[3.3484358014699747, 8, 4.579147468086855, 127, 317]"
388,9.1303488911003,"[2.2886880399656695, 25, 4.444940720066728, 409, 21]"
389,1.834905935304385,"[2.287831903356575, 13, 2.0044826728041905, 485, 246]"
390,9.713711736152053,"[4.764783972514252, 8, 4.356803156191203, 20, 317]"
391,3.176659677066783,"[2.6147154994867896, 3, 3.487836181181003, 61, 33]"
392,9.88344492508745,"[1.4295905357727472, 24, 4.288229968730541, 201, 479]"
393,9.430443958594198,"[2.5645676929212704, 21, 4.949820159393628, 245, 70]"
394,2.7871992732200717,"[2.5180307998910805, 9, 2.5702872662280267, 37, 356]"
395,6.261074661167943,"[3.59433149649148, 20, 2.9920632006347123, 214, 320]"
396,3.540943369450117,"[3.764540713113494, 15, 1.7739019304628882, 275, 384]"
397,3.7334103919732335,"[4.219978202240836, 23, 0.7054274530415157, 424, 313]"
398,10.018061681582118,"[1.9508581703499535, 17, 4.695846090167538, 292, 419]"
399,15.925299682756906,"[0.12254008589976276, 14, 5.206356931617598, 285, 248]"
400,10.871716166216613,"[1.755191319150788, 21, 3.3875991624647384, 393, 422]"
401,2.376498054610171,"[2.9127411013163402, 6, 2.325021520148077, 26, 24]"
402,2.028526526387795,"[3.5447166012206854, 12, 1.2832061909626382, 433, 167]"
403,6.558569591034157,"[0.27157447994095885, 20, 4.560468376494372, 4, 366]"
404,3.4862409884904597,"[3.0218737761168395, 23, 0.8607101081032804, 95, 166]"
405,2.787960763972858,"[2.883866076558545, 4, 1.1349643059008387, 386, 271]"
406,8.255354047067149,"[4.171104150128164, 18, 4.260516608650793, 253, 236]"
407,11.859530149866162,"[2.278385264483147, 12, 4.321589046304873, 318, 140]"
408,10.849974548323921,"[1.406350612683242, 6, 4.782301465962187, 432, 9]"
409,5.707600132728847,"[4.831956913344757, 14, 2.9273352652175415, 430, 98]"
410,10.708472317182489,"[0.5838045167162426, 4, 4.484900326878569, 441, 133]"
411,1.7424417819895388,"[3.2760654157960842, 12, 1.1919282815624168, 163, 156]"
412,8.178953667426974,"[3.1252102445968726, 25, 1.9427746299432356, 461, 442]"
413,2.106912103070812,"[3.772938355643923, 6, 1.721631534779941, 98, 374]"
414,10.662685584143624,"[0.3768489556437602, 9, 4.198362243130216, 466, 430]"
415,3.823286642878636,"[2.9288032886574356, 1, 2.6970895088777787, 477, 397]"
416,4.424318565573888,"[1.6105967357551347, 3, 0.7802781451858027, 5, 446]"
417,10.088133259948913,"[3.1243163663611435, 16, 5.407022280322314, 114, 487]"
418,3.7152697508916,"[4.982855610177658, 16, 1.1801901912368542, 138, 404]"
419,1.1581280573278872,"[2.799088466015644, 9, 2.4099317951503285, 213, 277]"
420,9.270158674077877,"[3.481087684530223, 24, 5.228009626889369, 242, 115]"
421,6.061024134146726,"[0.4746900183705497, 24, 0.6196798650882247, 471, 57]"
422,15.863033634618969,"[0.16888758386020356, 3, 3.0127722352667634, 77, 352]"
423,8.694653307757248,"[3.667734526645571, 24, 4.2691254927960465, 107, 347]"
424,16.15815584892322,"[1.8418808703395233, 14, 5.002008758656661, 461, 235]"
425,2.587161270222742,"[4.126084711260247, 7, 0.8880701942535492, 298, 379]"
426,3.0175558450733835,"[1.276359148551797, 17, 3.34300377292042, 404, 199]"
427,19.016916412158007,"[0.5805005175450455, 7, 3.0624254347265776, 315, 135]"
428,2.110878689032046,"[4.684374845306053, 7, 1.2780080372358784, 17, 191]"
429,8.875007678238083,"[3.1911102324599288, 11, 4.223651567676431, 331, 44]"
430,10.681559836772507,"[1.2838076718678397, 18, 3.181454783835686, 72, 378]"
431,7.990154834021896,"[4.297832150458551, 21, 2.248668945332613, 59, 464]"
432,10.000339401715232,"[0.2628182121163438, 15, 2.5906651427977145, 136, 418]"
433,4.734988395548856,"[2.931007825618209, 24, 1.292271147818216, 172, 75]"
434,9.221111393284595,"[0.7416204157649954, 15, 3.7088851109679837, 4, 338]"
435,6.229360291274425,"[0.17896858898345536, 15, 1.2729888176967432, 270, 150]"
436,6.498987732521774,"[4.43069261812256, 19, 2.9152909708261765, 497, 303]"
437,6.327539182033705,"[2.4479297902897064, 16, 3.970608099937935, 341, 424]"
438,6.572065379560932,"[1.2109465935544854, 22, 2.712366250297697, 27, 351]"
439,2.2139488562683765,"[4.587452606885676, 9, 0.8823501480556197, 393, 221]"
440,7.686496745451153,"[1.606101886200986, 9, 4.777017530489565, 194, 87]"
441,3.2326400407092586,"[1.3818524707286215, 7, 3.0371909109397714, 194, 346]"
442,7.6973728946866435,"[2.0274776672607224, 24, 3.7125228301057076, 138, 293]"
443,7.909602829392392,"[3.847900190368137, 18, 3.676717097080575, 174, 158]"
444,14.178458913237003,"[0.1481206016176631, 8, 4.876312930305538, 302, 313]"
445,8.275144074425816,"[0.7839908805266754, 16, 5.300997992579321, 31, 468]"
446,6.820712054064146,"[3.4765264212017657, 12, 5.282381470328014, 477, 109]"
447,12.727553660113594,"[0.8465377434213377, 15, 5.19296692355637, 125, 331]"
448,9.257011556482913,"[3.1596553971818486, 12, 4.393662776447366, 371, 151]"
449,3.7368086260717157,"[2.0163496790612214, 12, 5.104989594840385, 347, 375]"
450,4.5102781013583755,"[4.651370376498044, 18, 1.263970096973828, 411, 337]"
451,1.8020301025720429,"[3.192078521023398, 4, 2.050719638753583, 206, 175]"
452,4.066515709539951,"[2.3230275896749695, 5, 3.416624083908652, 176, 485]"
453,1.0732483301165818,"[2.0703187373947864, 9, 1.8580924946328308, 25, 426]"
454,2.8648547178830905,"[2.528765835956423, 17, 2.7544309863827916, 251, 493]"
455,6.567730131454149,"[3.7556869302086318, 17, 2.8459855464318657, 276, 412]"
456,2.621755163079766,"[2.997844511690737, 5, 1.3132055988329452, 2, 96]"
457,2.9886118274770217,"[2.1022389072713623, 24, 1.7454860908763634, 85, 324]"
458,8.815914854098061,"[1.6129299002452142, 8, 5.265713633902646, 222, 21]"
459,4.309782806093625,"[1.6329938966650157, 10, 1.5365820175945797, 128, 495]"
460,3.076451289920726,"[4.967048563418227, 11, 0.5824542237796105, 171, 464]"
461,3.9458643842362164,"[2.940585354697616, 4, 0.6803836283788074, 446, 26]"
462,16.382063145267804,"[4.016426316322866, 17, 5.488952720234337, 285, 245]"
463,7.506130367239569,"[3.5476060482598277, 18, 4.379192169321691, 265, 432]"
464,2.234971020678179,"[2.2159266520488554, 8, 1.542462803037568, 381, 458]"
465,2.2402771906154175,"[3.7908335932809503, 6, 1.4077997732976468, 224, 355]"
466,4.588356175005751,"[0.8109534007975995, 15, 1.0565887306423662, 140, 459]"
467,11.858670920190708,"[2.0695866896393964, 16, 4.766530391312795, 117, 75]"
468,4.109911797328867,"[3.885299764809191, 21, 1.0961648522981946, 453, 99]"
469,8.622842621011571,"[3.3408687515009494, 19, 5.128161999245036, 350, 493]"
470,4.279237126750505,"[1.6488067731742686, 15, 0.8901965742228726, 74, 255]"
471,8.254914886767242,"[1.1143329364443435, 19, 4.679996970018259, 478, 303]"
472,8.891588280617956,"[4.452015312178252, 23, 2.1145469674576893, 11, 451]"
473,3.407475965077559,"[2.5619427706018407, 2, 4.006938483589822, 262, 450]"
474,6.159335777240738,"[2.407838299455023, 9, 4.114920722791722, 283, 367]"
475,4.06870149003214,"[3.072867284726947, 11, 3.1348990728511263, 318, 180]"
476,7.7842672241704065,"[1.8722641555141288, 8, 5.268998905554502, 172, 156]"
477,4.947497082082322,"[3.557734684788926, 19, 2.2839414006407686, 80, 390]"
478,9.624630407843025,"[0.373795245608581, 15, 5.017302803345508, 414, 295]"
479,10.103937011411418,"[2.295671346063922, 12, 5.4589787151792475, 172, 428]"
480,9.634565405825871,"[2.621471255100125, 17, 4.686438810481302, 196, 491]"
481,7.069560167224674,"[3.3399435585639137, 21, 2.0876434775416928, 232, 386]"
482,7.951962602048211,"[0.4664495550614809, 8, 3.212392304526347, 457, 75]"
483,3.330321869305047,"[2.3185686749404932, 3, 1.511992011704754, 423, 225]"
484,13.27550665504455,"[0.4137585234942076, 18, 3.4666865561137516, 343, 38]"
485,2.01834651255473,"[2.8768054302737878, 11, 2.5317422532073492, 136, 230]"
486,6.227912155610757,"[4.869179202113058, 23, 1.3017763236277415, 352, 408]"
487,6.069377361045816,"[3.6325265076729134, 24, 1.7421208839799427, 124, 129]"
488,5.972663512447408,"[1.1023208929461705, 9, 3.063012649435704, 446, 421]"
489,12.125440699325937,"[0.14147341345051861, 5, 2.855324829492506, 238, 363]"
490,17.172012382407484,"[4.128136590933328, 23, 3.8575445564283832, 484, 186]"
491,6.513338257159672,"[0.44455923941001074, 24, 3.8569938173632248, 387, 62]"
492,2.076792630862342,"[2.6140535641830636, 19, 1.8368879115687795, 302, 277]"
493,7.657938134570742,"[4.926481162952364, 15, 4.569328828405125, 278, 171]"
494,2.9152253998033983,"[2.1308545242793437, 7, 1.447467031913928, 187, 273]"
495,8.870052604185222,"[2.297440451693975, 10, 4.22956412512413, 406, 68]"
496,5.04969909991133,"[1.746791694001442, 14, 2.793411993997095, 343, 91]"
497,2.0026314785290946,"[4.428014288443386, 4, 2.2813631695677383, 431, 473]"
498,3.977345223873924,"[3.273222704672338, 22, 0.5696078937601224, 290, 184]"
499,6.246190141887653,"[2.8446429898980026, 18, 2.6321482194376493, 147, 174]"
500,6.444395353494692,"[1.5940496484306752, 12, 3.018207626037271, 492, 150]"
501,3.3367216468373257,"[0.8494056502013974, 8, 4.20911000414488, 397, 230]"
502,5.41753260011898,"[2.9983704553039146, 3, 2.501018752327593, 450, 167]"
503,9.264921412285506,"[0.5691779582830784, 23, 2.8295315583137395, 59, 6]"
504,3.7302482624635886,"[1.512174676588771, 3, 1.7881627443529728, 79, 461]"
505,9.223921390266037,"[1.56113480040247, 12, 4.707668861486712, 247, 140]"
506,3.445726898411817,"[1.3234926218969882, 23, 2.076057494622975, 124, 460]"
507,5.920850536779929,"[0.9224024648898276, 13, 2.9558742286910378, 308, 492]"
508,8.626018253964908,"[3.814636026955131, 22, 2.0102401712324323, 217, 129]"
509,2.548910057899064,"[3.903375121334817, 3, 4.080718071824116, 355, 161]"
510,5.274497894669271,"[3.2494322030912817, 10, 4.316146940711943, 342, 401]"
511,13.707252533165201,"[2.3935094051067787, 16, 3.7009772918652795, 97, 4]"
512,2.6185859738683708,"[4.1371926294169175, 9, 2.2565398250036717, 82, 75]"
513,3.530505648939743,"[3.1701929742360506, 9, 2.3446007467974157, 329, 175]"
514,2.804576078336641,"[4.698165245591233, 7, 2.3722678716310854, 393, 277]"
515,11.900608800120072,"[2.4248725637337105, 11, 5.10396878275163, 144, 2]"
516,11.86537133633097,"[3.393578425730732, 14, 3.1678657724861, 301, 4]"
517,2.1625512143968257,"[2.69995454145942, 14, 1.3552053155757728, 127, 318]"
518,15.603269898726975,"[0.29377084408035226, 1, 3.993598046607847, 97, 7]"
519,8.78308021093334,"[1.2883792475851903, 3, 3.846840051817448, 143, 56]"
520,2.6145451192301947,"[3.270096430553949, 16, 2.013719484170845, 290, 110]"
521,9.726761818816124,"[1.414453564087953, 5, 3.6055830668890163, 113, 97]"
522,7.264560313428206,"[1.6808724109663975, 9, 3.7605431808747416, 87, 33]"
523,7.6139755718280036,"[0.41620745015154315, 8, 3.93391672426439, 332, 421]"
524,10.647897227461868,"[1.236392543286962, 15, 2.6584256644921878, 37, 381]"
525,2.8292444807334793,"[4.547960964027588, 15, 0.5372076280077588, 442, 438]"
526,3.3103915168619444,"[3.4897226093113938, 19, 1.0256104579462475, 259, 78]"
527,2.841283435264654,"[1.6477065370745811, 22, 1.2714729189450005, 159, 108]"
528,5.595620294813759,"[4.770196983526233, 6, 3.733660416933672, 301, 356]"
529,3.110020406115156,"[1.6810838870959601, 17, 2.1761284926472912, 416, 472]"
530,9.555026231284565,"[3.7788991881104645, 18, 3.8442968125790618, 209, 76]"
531,1.7302239312541845,"[1.1194331213372315, 24, 2.244803719896583, 124, 98]"
532,7.944210046009688,"[3.2588647259355983, 23, 2.9473707410745926, 409, 206]"
533,11.848290117572255,"[0.5508654075215377, 21, 2.3159891785246653, 345, 314]"
534,5.593118024189201,"[0.7221593587271655, 1, 3.1954696623317576, 83, 218]"
535,4.796655693046457,"[4.559226354215682, 20, 1.3331590039890175, 168, 481]"
536,11.849840223471782,"[2.507577172766657, 19, 3.664681250462422, 369, 193]"
537,14.420331119331403,"[4.411977969420229, 25, 5.127054889002259, 445, 319]"
538,9.09761521224756,"[4.025281147485114, 24, 1.6033153926511332, 356, 133]"
539,5.78390053421124,"[2.627429281316493, 14, 2.733042920481663, 137, 181]"
540,11.110233950889047,"[0.3670547225710399, 9, 3.4195881191364137, 61, 36]"
541,5.899040749162836,"[3.790344830690133, 17, 1.7224274099206303, 114, 70]"
542,14.224962103930029,"[1.9357437663561428, 24, 5.467318835260181, 445, 297]"
543,5.4820307324053985,"[4.92368238611513, 6, 5.037005189976503, 15, 315]"
544,3.066903848165777,"[1.6450078069258685, 20, 2.3600372130038734, 486, 90]"
545,4.939503792792123,"[3.675034059645603, 8, 5.444050312262637, 411, 89]"
546,5.330639013321637,"[1.0009631574476643, 14, 0.7747682789943273, 140, 49]"
547,5.250882351087573,"[1.3614930379039778, 9, 2.4692464272753005, 269, 454]"
548,5.669376493083519,"[0.8324244022536799, 8, 3.097223754559713, 458, 340]"
549,3.424406839149217,"[1.697075721578861, 17, 2.697662751849271, 351, 127]"
550,9.942640010184292,"[0.8223460466808031, 23, 4.871443149885291, 111, 104]"
551,7.348481708368806,"[2.7665630934097214, 20, 2.8805433940692127, 269, 171]"
552,2.167029927779607,"[1.6491470582490277, 22, 1.5232434872448928, 350, 301]"
553,4.715599850724787,"[0.5888563114433315, 18, 1.7289598766008212, 448, 312]"
554,9.54330510653617,"[3.8507874209036865, 22, 2.935036096246014, 216, 125]"
555,6.586994689706234,"[3.3547683845549088, 5, 4.8944358073450545, 251, 324]"
556,4.064267817829627,"[3.841795339290315, 19, 0.6569667060655733, 21, 454]"
557,2.3175182825957545,"[4.76000017914056, 8, 1.0309381055434939, 236, 153]"
558,7.305915981314776,"[3.2599500415406855, 3, 4.893378780882793, 343, 392]"
559,4.380440858072372,"[1.8938398692857819, 3, 3.724203548511006, 73, 308]"
560,3.39218350192749,"[4.760615990771895, 17, 0.9410070876671619, 435, 376]"
561,3.066769629557164,"[3.2074385606586846, 5, 0.8597782936033878, 182, 100]"
562,11.562228212431743,"[2.3854700055904368, 11, 4.696228316157265, 88, 201]"
563,9.182035730600164,"[4.9207450847676455, 10, 4.4681023548754615, 11, 28]"
564,11.728157526992112,"[2.725170473179817, 8, 5.123621139376307, 391, 188]"
565,8.306698134971857,"[0.412632468299047, 21, 3.274110744469991, 422, 94]"
566,11.079769270989905,"[3.2966914095055873, 21, 5.0893569051155945, 473, 161]"
567,17.160176788319635,"[4.700976435694233, 24, 4.57856770506384, 90, 404]"
568,6.830144254843907,"[0.5900374345050624, 5, 2.243644637333424, 266, 187]"
569,9.398442269778045,"[0.7360970715530323, 13, 4.691029416948119, 110, 351]"
570,6.422140028046481,"[0.8588942337303529, 7, 2.98074968894332, 232, 16]"
571,6.9881309844368555,"[1.5158312366521463, 11, 3.6959427343744062, 497, 456]"
572,9.932590882957934,"[4.910365540755514, 23, 1.621104851987216, 163, 48]"
573,3.3398822665664323,"[2.5776989714445744, 14, 2.9150916401598184, 4, 159]"
574,2.6207612240352733,"[4.586773885523174, 3, 1.3646677107557372, 109, 115]"
575,6.837999631763703,"[2.669406116716895, 8, 5.381444074679811, 27, 386]"
576,2.8099560278081697,"[2.8056919995037912, 4, 1.930538859019759, 171, 327]"
577,2.5615868193271405,"[3.9061932632655947, 4, 3.4578355932994516, 7, 272]"
578,4.0796114342488226,"[4.885265699041652, 12, 1.6201837803811678, 393, 457]"
579,6.075340209936469,"[0.72562827327405, 10, 1.7597795288132672, 149, 266]"
580,12.112099290577866,"[1.841843821892959, 23, 5.082215335920416, 85, 39]"
581,3.666164832546599,"[1.734643364711684, 9, 2.9839503796307323, 114, 89]"
582,1.8323383045831731,"[2.1611626684503094, 9, 1.4905801399377643, 467, 121]"
583,6.571232006840639,"[3.019857091151785, 13, 3.9394520365347963, 322, 379]"
584,4.728708524668239,"[4.521647942152022, 10, 3.091824117785817, 318, 104]"
585,3.218113916701033,"[1.486372465200613, 12, 3.0253813000253897, 108, 267]"
586,4.149130631137198,"[4.427998850354617, 18, 0.6236498802479075, 276, 275]"
587,5.232428356000206,"[1.3507159827019173, 11, 0.6453509376504675, 39, 459]"
588,3.485688119624273,"[0.8420326643990663, 22, 1.10700280296781, 469, 293]"
589,14.41855690870753,"[0.1290770843502316, 4, 5.430896091583052, 458, 170]"
590,4.251920919635269,"[2.347871559201517, 22, 1.498060575232905, 447, 31]"
591,2.019955233908113,"[0.7733161392736887, 22, 1.6231961722576354, 452, 424]"
592,6.248744635017983,"[0.8088894084631486, 21, 3.2237793345376855, 101, 278]"
593,8.480825936714597,"[4.535572671065443, 7, 4.881604406403573, 476, 463]"
594,4.355835420714593,"[0.8482138450956409, 16, 1.546340189060592, 364, 196]"
595,4.616401509544877,"[1.304844138036032, 21, 0.7613201311978353, 25, 284]"
596,13.14585643393145,"[2.489948170564629, 21, 4.441625360910324, 185, 198]"
597,10.269782019253942,"[4.149672095704077, 6, 4.982421036168932, 70, 268]"
598,2.301127040842577,"[4.081647388904785, 3, 5.219129147441682, 38, 336]"
599,3.3652337324899575,"[4.486775860593995, 3, 1.7171964774782793, 452, 31]"
600,3.8265313845904556,"[3.620340730914679, 21, 0.6228884962969123, 61, 442]"
601,9.196994951518178,"[3.2514499718832695, 11, 4.595456796021459, 110, 178]"
602,5.788890737795223,"[1.1847602446763648, 3, 2.2485979299556638, 331, 204]"
603,9.62978517406088,"[0.1365074381947436, 6, 0.600037967266911, 379, 69]"
604,2.550960286199705,"[4.3364291978341845, 10, 3.338039004546884, 63, 210]"
605,2.8256456846945666,"[3.301451015300187, 7, 1.2876195653078457, 188, 116]"
606,15.847706472676535,"[0.15047208215706012, 10, 4.7168819519222405, 492, 280]"
607,5.875611986835375,"[2.7755147789264005, 22, 3.552100513518435, 471, 201]"
608,13.090611359534453,"[1.1083160971372206, 8, 4.981906705852055, 385, 261]"
609,1.8931484856799534,"[3.0845216787274046, 7, 1.0692055825736326, 264, 351]"
610,7.04001209712947,"[4.031478950569978, 15, 3.3267498652516827, 333, 331]"
611,8.280088357988024,"[3.4727469618351896, 14, 5.420674805547173, 132, 218]"
612,14.839420177340568,"[0.4448446830556102, 19, 5.3763018940842215, 54, 430]"
613,6.842040484323578,"[1.331266639637879, 4, 3.52414733580901, 227, 445]"
614,4.731916728531628,"[0.9243887343244304, 10, 3.90465899756929, 40, 37]"
615,5.7725129580264785,"[1.9666230600503496, 16, 3.744363556688146, 450, 315]"
616,5.544034501811494,"[2.460342560658716, 18, 3.029516918905908, 8, 82]"
617,7.250697606987213,"[1.4424910572424567, 15, 4.870334599458455, 64, 204]"
618,4.609863309994926,"[0.5635377117376331, 15, 1.8627744667767747, 337, 333]"
619,5.265013817068423,"[3.446544348847911, 19, 2.2442060460374753, 110, 218]"
620,12.315136343562981,"[0.3014107809068741, 23, 3.787102645553754, 468, 351]"
621,2.587523389933277,"[4.3119160067255535, 12, 1.0390286224689906, 9, 377]"
622,7.800860323783058,"[4.7281168115264585, 8, 5.384409646535782, 8, 209]"
623,3.214345663401349,"[2.193356797532592, 10, 2.9899069414033645, 195, 338]"
624,3.8933939190112143,"[1.3570965262285126, 15, 0.899517025615983, 248, 301]"
625,2.8312807308410024,"[1.6121925900644816, 1, 4.004838600308195, 359, 82]"
626,1.7638355348546089,"[2.2737126073025538, 5, 1.8218924290378917, 294, 461]"
627,5.532066565848804,"[2.0951651283094295, 15, 3.8046561365591636, 87, 86]"
628,11.048756341317949,"[2.672684902227827, 24, 4.863841067976404, 274, 489]"
629,12.793000601152743,"[2.028222236721945, 23, 4.924255157764227, 496, 244]"
630,5.996035766510461,"[3.2894523783508816, 15, 4.231135764222353, 414, 388]"
631,4.231841068801568,"[2.12743426684492, 12, 3.050531029746403, 120, 360]"
632,8.788636150757352,"[1.6226656866868543, 13, 4.523675203982584, 226, 43]"
633,11.314827665737113,"[1.3509835120069593, 11, 5.399981899847644, 319, 310]"
634,2.9641247106098554,"[2.5155582637803358, 24, 0.9474592697384072, 310, 249]"
635,9.615127867941128,"[2.4511622994482347, 23, 5.368345201033169, 487, 459]"
636,9.14413891193746,"[1.3560243895202126, 7, 5.202884112974761, 271, 426]"
637,16.45073175623809,"[1.9357561257777764, 22, 4.56616921017953, 50, 463]"
638,5.363428821702213,"[4.008993128285442, 23, 1.3207055005264974, 110, 425]"
639,6.972368642963803,"[1.132676795997014, 2, 3.583819928383193, 10, 198]"
640,5.799262216043216,"[1.5172481978254788, 5, 3.6645027315249417, 61, 213]"
641,15.756715560175946,"[2.7766724893379395, 25, 5.08558242216203, 144, 495]"
642,12.230924029314881,"[3.4826277592820207, 22, 3.525756623365074, 322, 410]"
643,7.231902433149447,"[4.343388662428815, 11, 3.7566365511426016, 311, 455]"
644,9.854914520255715,"[1.128138051918552, 7, 4.595392122946761, 306, 56]"
645,8.499093516575403,"[2.935889838178779, 15, 4.21198499860254, 209, 112]"
646,7.198396406272847,"[0.9626585364768053, 13, 3.510573621295751, 288, 100]"
647,8.147714460523048,"[1.6735756529732384, 12, 3.374752485979537, 208, 255]"
648,16.378708116851623,"[0.17044230457367343, 9, 5.290533848414777, 406, 48]"
649,7.47730950108075,"[0.44988441848406757, 17, 2.494370370679816, 275, 205]"
650,7.720826690911613,"[4.189826976524773, 19, 2.061943423122164, 78, 213]"
651,1.9452382331362699,"[4.1190862835831865, 8, 1.7302724342864289, 341, 184]"
652,1.8444405324670436,"[2.151352928789449, 14, 1.435801375085632, 93, 313]"
653,2.325399163280862,"[4.159313675878972, 9, 2.1531360874690133, 423, 323]"
654,4.875970696491809,"[3.833411099652029, 8, 4.248122455490561, 144, 34]"
655,4.713838299694933,"[3.4903118181578363, 18, 2.905397779360039, 343, 355]"
656,11.924394226848815,"[1.937066268934741, 2, 5.033287325824217, 325, 85]"
657,1.9554007629421577,"[3.3566139318003154, 6, 1.7238791238900535, 71, 107]"
658,7.618586322993156,"[0.9342700188735344, 21, 2.598908757834386, 213, 83]"
659,5.381831284662464,"[0.5423350137947237, 24, 1.8569919961488062, 272, 465]"
660,6.222799665000721,"[0.5581756296685272, 20, 2.3237102601724064, 243, 242]"
661,13.588974777461743,"[3.8299588405874045, 18, 4.59600834582532, 338, 40]"
662,2.4041662989375068,"[2.5903487918666754, 4, 1.201620127527387, 230, 403]"
663,5.56447200396922,"[1.5408608890074762, 1, 2.9958773081279184, 292, 316]"
664,16.179699552964767,"[1.9445413107139515, 20, 5.099358256923679, 359, 133]"
665,14.23277300733541,"[3.7802660741342113, 22, 4.34290793049824, 330, 498]"
666,2.1750577878486608,"[3.671429850534654, 8, 1.9956732327382019, 334, 475]"
667,8.382435376702684,"[0.12351735578720041, 2, 0.7555366507966939, 218, 204]"
668,5.001625730259566,"[0.14273836352418928, 19, 0.9728291141124908, 171, 115]"
669,3.9171396038709485,"[3.0462492095074425, 25, 0.684158361739723, 498, 264]"
670,9.681137387142723,"[1.3135144953925182, 13, 3.5309847406103962, 77, 71]"
671,2.8263982345531407,"[1.9949726114163886, 18, 1.5215088440766127, 25, 253]"
672,5.580820469916068,"[0.6588839067392191, 5, 1.0218506048215779, 340, 186]"
673,8.969489581198857,"[4.728276236234772, 25, 0.5830148557133642, 426, 428]"
674,6.884225988052357,"[0.7399797601931691, 13, 3.5297492537639945, 39, 452]"
675,3.772477003371586,"[2.540853263111419, 10, 4.122500116283648, 224, 336]"
676,2.2745520636842653,"[1.607253495891976, 22, 1.131824520001319, 260, 207]"
677,13.262310993556733,"[0.7584885574152728, 11, 5.400003753414357, 373, 238]"
678,3.212225575213922,"[4.587635062292265, 2, 1.445454597292603, 127, 425]"
679,5.390131362823132,"[1.3299993088921926, 4, 3.1283666957675917, 358, 253]"
680,10.324876390480005,"[1.5676603461883811, 7, 3.8949545430652313, 456, 365]"
681,7.493239080667678,"[2.8856385699076523, 1, 3.2288497861572916, 431, 474]"
682,10.250691803394608,"[3.46919195030912, 9, 5.432828724670913, 426, 262]"
683,6.573785945480122,"[3.1180107088537437, 5, 4.572154661895492, 298, 446]"
684,11.784187224884064,"[4.891748260972036, 23, 2.3898341464310597, 484, 20]"
685,5.871228765216998,"[2.7100309154947797, 3, 5.1398834280901955, 136, 201]"
686,4.175876685162489,"[3.632821253039679, 1, 3.9316152676853067, 430, 410]"
687,4.396168495091619,"[2.359687931067757, 25, 0.8704088328230111, 55, 107]"
688,5.11242149958173,"[1.7332764984610463, 14, 3.803618117928117, 416, 84]"
689,4.797123647528637,"[1.5481165370562886, 3, 4.45262962200837, 53, 472]"
690,2.7528990599749923,"[4.229917292222414, 1, 4.781642435649962, 456, 64]"
691,9.064210379559988,"[3.869694677824232, 23, 4.442823721091492, 414, 160]"
692,7.609777490552941,"[2.267657929500014, 19, 2.8446474066926113, 205, 429]"
693,3.940156260583243,"[4.439100525113971, 16, 1.0966920987934734, 85, 438]"
694,3.905741019783616,"[2.7689454061335605, 2, 2.1032532050663493, 128, 378]"
695,4.938610108978413,"[2.0544403199645664, 1, 2.666191997104055, 8, 397]"
696,9.683663864985842,"[0.18897402039178374, 21, 1.9170575634251361, 354, 316]"
697,19.80350771230895,"[0.4134434553143326, 21, 3.332076510537364, 341, 238]"
698,10.790573133957377,"[2.353091462314532, 18, 4.300590998406099, 168, 454]"
699,8.76174015341413,"[3.8117157664309236, 4, 5.403508011673147, 5, 36]"
700,3.898470904461645,"[3.9587114420446885, 2, 2.39453951589294, 31, 57]"
701,10.225451915099693,"[0.7711025719697201, 23, 3.7075908623208367, 436, 306]"
702,4.01264440902437,"[2.955322434119299, 3, 1.0836746793221659, 344, 372]"
703,4.660272487595831,"[2.454755718227512, 24, 0.5322801027507269, 132, 57]"
704,11.911024557760218,"[0.4189234305888444, 18, 5.098972811356601, 266, 157]"
705,7.612761194228199,"[1.001667137409833, 5, 0.5187766516212778, 72, 468]"
706,3.3775895227933903,"[4.186422697848728, 15, 1.0683127031076718, 490, 109]"
707,8.474260837713402,"[1.0354192327569514, 14, 4.283680663038847, 9, 480]"
708,11.148085022546535,"[4.27267133617156, 11, 5.372509902003132, 7, 367]"
709,8.214468982821906,"[2.5839292242810488, 6, 4.356173805278843, 147, 290]"
710,3.5969774322091945,"[1.512664968708349, 11, 2.5270857276598093, 489, 277]"
711,5.4155255531219275,"[4.448511388796289, 22, 1.3054099382108428, 93, 394]"
712,5.804081542761786,"[1.9461329673116803, 24, 2.915295275636635, 132, 446]"
713,7.774127329587831,"[1.2084699954576976, 2, 4.225803287609155, 233, 135]"
714,11.88506518837552,"[2.325710499113676, 2, 5.136282543510257, 340, 25]"
715,9.405718381849326,"[3.618628620427337, 9, 5.10920543826931, 434, 297]"
716,13.525615688814193,"[0.9596261553975907, 19, 4.821509091620374, 69, 216]"
717,4.630245480835745,"[0.9275307890353707, 7, 3.8648686342687952, 102, 203]"
718,10.269705849934612,"[1.6059649336792279, 21, 3.4985733468514435, 290, 199]"
719,10.679153141768353,"[1.1835364247455813, 18, 3.999287276680976, 371, 202]"
720,6.82797483429448,"[1.1599266268204704, 24, 3.743186815816016, 139, 49]"
721,1.2362035267420186,"[2.601100456232033, 11, 2.0169033219959513, 364, 257]"
722,13.759530150105656,"[1.4935828826007387, 15, 5.479231099325823, 75, 202]"
723,2.4074974471788364,"[1.4360618362411186, 14, 2.3479343075149286, 43, 493]"
724,3.7418237674211303,"[2.764259814959779, 17, 1.6315605845096375, 304, 233]"
725,1.9022442125045835,"[3.918328503773749, 7, 2.9388589399175387, 488, 281]"
726,5.160010070915141,"[3.1864171632357574, 9, 3.084440480170187, 407, 185]"
727,4.330557335031189,"[4.365500621138231, 17, 1.0356164525114944, 419, 27]"
728,2.5965985437512096,"[3.383908941295214, 2, 2.68887021925678, 400, 139]"
729,10.248504307798424,"[4.999991108990837, 14, 3.4294341492581295, 338, 493]"
730,4.29151102467037,"[2.1809360205173838, 4, 3.8187498387530527, 394, 42]"
731,5.091562614202316,"[3.4460453087344063, 24, 0.9640753463134835, 79, 64]"
732,6.340955877212129,"[3.2779391135314846, 7, 3.448337925719304, 403, 156]"
733,3.987948327017841,"[1.8930284105099224, 14, 4.600451202431832, 373, 314]"
734,11.173142658807013,"[2.729233669823803, 10, 4.699369792803185, 276, 30]"
735,10.36214300868584,"[1.3060199203658132, 23, 4.566153245211338, 233, 418]"
736,13.560044631269637,"[2.3309180741364894, 19, 5.385368745132471, 29, 388]"
737,13.186172650935195,"[0.19330536757811134, 17, 1.9192473418649323, 438, 433]"
738,5.769129068772207,"[1.2605602908553615, 12, 2.4889724550796872, 447, 119]"
739,9.695585198741114,"[0.3601787624919839, 24, 2.598847621517728, 235, 345]"
740,8.039877190964301,"[0.9503047103701625, 5, 0.6031988009617107, 342, 210]"
741,5.7334700689286775,"[3.0110913790625298, 18, 2.5776306796215427, 374, 290]"
742,14.988864316658347,"[2.0596554031760936, 25, 4.185718125120497, 351, 73]"
743,3.130765153659017,"[3.094942359794659, 6, 0.7148398699337928, 383, 30]"
744,2.851524425347893,"[4.685731624273339, 11, 1.6841360697166416, 406, 70]"
745,6.1920985368957195,"[1.0985655691054252, 17, 3.607504295672054, 128, 468]"
746,3.6431327406660157,"[1.5771187287409532, 6, 1.1848283082207174, 285, 101]"
747,18.375580748030103,"[4.23977811735717, 15, 4.694795751542068, 279, 294]"
748,3.255056334575193,"[3.7680641371243007, 8, 0.7169291299371356, 3, 44]"
749,8.482534055693009,"[0.687385704134884, 22, 3.406778363458749, 311, 93]"
750,2.6055084963512494,"[2.365090063011091, 6, 2.246055238355937, 174, 385]"
751,4.230745181455415,"[1.3264056901771382, 18, 2.260839637245294, 320, 187]"
752,4.650857994263518,"[4.774604021391065, 18, 2.0855743665421764, 331, 398]"
753,12.348302678405936,"[4.3341418996170855, 24, 4.378569985684685, 424, 454]"
754,11.75210469858154,"[0.8172110469842387, 5, 4.096339019198862, 152, 208]"
755,7.048666433815642,"[2.247154758340922, 5, 5.14199392886036, 382, 487]"
756,8.826354039010322,"[2.5935881977279958, 22, 4.843176963973741, 276, 179]"
757,13.20859961053688,"[4.928841199629738, 14, 5.32360308182767, 38, 4]"
758,8.294400266921748,"[0.7122337932185047, 2, 4.580998860291471, 366, 339]"
759,10.007888521462265,"[0.6828628167532979, 24, 4.599490315597642, 340, 132]"
760,4.683453115529261,"[2.667343608805133, 4, 4.503401537409549, 334, 37]"
761,6.8046024891337735,"[1.2159192316996832, 10, 4.639398435640486, 291, 391]"
762,18.608477398737268,"[1.696956187399384, 5, 5.209381273120636, 1, 151]"
763,12.668251420965127,"[3.658376549068364, 4, 5.451980651394077, 70, 391]"
764,6.559759715862757,"[3.081679242172784, 8, 3.8894823527375957, 136, 241]"
765,15.527573738233492,"[0.5511754602719096, 22, 3.0863993389288504, 36, 443]"
766,8.511421975501367,"[0.20572578849725012, 16, 2.9134244804484823, 348, 456]"
767,12.454513468318996,"[0.6929779154665762, 2, 5.156892476522009, 440, 35]"
768,10.253703077651187,"[4.703123235757936, 16, 3.2249123092060703, 44, 324]"
769,9.853505053805169,"[2.762989330431635, 1, 5.43490671417733, 85, 130]"
770,7.349281359344818,"[4.9590148932070575, 20, 2.6891357256848765, 33, 365]"
771,5.410859689491583,"[0.7753634208183631, 17, 0.5935217039519676, 147, 425]"
772,11.416426564958911,"[0.3683240075048564, 4, 5.254758256180907, 335, 4]"
773,6.209625791814762,"[4.749913368730454, 3, 5.335453078687728, 37, 208]"
774,7.312955976418357,"[1.6536188399882419, 12, 5.0435157154029, 437, 122]"
775,8.010622897735747,"[1.7086199585618267, 9, 4.005784765006983, 329, 446]"
776,4.7034094478284185,"[0.7166646091422225, 10, 2.1813729465962393, 152, 428]"
777,10.232791926373293,"[3.259439572267759, 14, 3.79729357301935, 346, 71]"
778,14.330555831275687,"[0.61071419005905, 24, 5.016301009360422, 407, 181]"
779,3.3317996179646605,"[2.018081418924061, 14, 0.8433451977169995, 271, 106]"
780,9.766752324683894,"[3.5760114935202325, 21, 5.451113953665745, 393, 253]"
781,2.9528950972111545,"[4.896914500776058, 9, 2.386514205918158, 88, 325]"
782,15.268325678014437,"[4.88310291571679, 21, 5.124141088001366, 123, 44]"
783,8.856373130652292,"[3.597861052280913, 18, 4.816590918422593, 81, 498]"
784,3.0632212751209993,"[4.356196328267784, 15, 0.7695119697264214, 207, 376]"
785,0.7554811596328981,"[3.485867946352611, 8, 2.2568952002021834, 227, 273]"
786,7.153585358949137,"[3.355819879493367, 23, 1.7523595987232392, 226, 124]"
787,7.3775716332259,"[0.27546616900014675, 14, 2.4027226767764693, 253, 164]"
788,12.802628247154516,"[0.3241247742050669, 4, 4.421547359318099, 453, 393]"
789,3.8324911396263834,"[1.2243097021029323, 7, 1.5676169089196395, 386, 291]"
790,4.407325024961256,"[4.250733555233004, 22, 1.348574000930289, 140, 398]"
791,3.5478480597037976,"[1.129252520600061, 6, 2.13577549886205, 448, 99]"
792,2.238170952190812,"[4.531898944334129, 10, 0.6373914523129816, 281, 381]"
793,1.5328848673486217,"[2.051979365208613, 9, 2.2396789968806616, 278, 359]"
794,2.486977435151156,"[4.007599042493082, 7, 0.8551004950839105, 293, 186]"
795,2.8071101864509487,"[3.814900765538106, 14, 0.6296297652574169, 433, 58]"
796,4.8937988723746635,"[3.9460582268244737, 10, 4.625489743285428, 397, 59]"
797,14.48205823904047,"[4.3001881881196065, 20, 4.791071556645728, 473, 249]"
798,1.8807733670675677,"[1.6719257717883653, 21, 1.6068787172201797, 132, 130]"
799,10.158907186403887,"[0.7896670644246414, 10, 4.163466358836461, 342, 435]"
800,4.28656186851304,"[0.8513135108679951, 4, 2.1509645800052652, 56, 150]"
801,3.244749638998877,"[1.0009993873262442, 21, 1.6674676358312388, 105, 144]"
802,6.4232360470885155,"[4.5968695115774665, 11, 3.4197141766236734, 137, 229]"
803,2.7978482902222623,"[4.023407409898686, 10, 3.5315505374345566, 414, 193]"
804,2.793460755227933,"[3.188263594667294, 17, 1.6429784606331508, 315, 354]"
805,13.669792444025594,"[0.8492072741838422, 2, 1.1341641495112729, 35, 3]"
806,7.23131040808359,"[2.0417261269681637, 16, 2.1662015492199904, 333, 179]"
807,5.351615503379128,"[0.5624088113260458, 1, 2.169664257868974, 284, 366]"
808,2.3940072493955267,"[1.7393270055214858, 5, 3.03606901846621, 36, 485]"
809,13.695791066760982,"[1.5877694897502637, 14, 5.202689795838523, 132, 379]"
810,6.387388514458185,"[0.8519089403689823, 9, 0.6561137258654438, 201, 192]"
811,4.6205389917742465,"[4.923874881962072, 18, 2.729956768955073, 190, 415]"
812,5.97324070328728,"[2.9029605631221953, 2, 0.616133355188654, 197, 208]"
813,9.233774848051642,"[2.630241876455208, 11, 3.496098061141085, 125, 471]"
814,4.482943833720376,"[0.6134831290366202, 2, 1.713157980028091, 108, 456]"
815,5.856415277360975,"[3.357618521661792, 1, 1.0533613351054851, 150, 94]"
816,4.564754012101544,"[2.4511402383228433, 3, 4.190618793923699, 305, 347]"
817,13.25986062667814,"[3.7694992085243797, 10, 5.409177235866826, 186, 323]"
818,11.21425264882731,"[3.1322676352204746, 23, 4.792773226756866, 142, 459]"
819,6.917682549872532,"[1.1992271089595994, 6, 3.253067399697862, 278, 359]"
820,9.746704025375442,"[1.7947220856515447, 17, 2.9826524858888597, 369, 118]"
821,9.01852154269209,"[4.724443119064089, 22, 2.544244600925402, 16, 254]"
822,10.943877009840818,"[4.338525787280506, 7, 4.346031800384019, 364, 389]"
823,6.7446971110383,"[1.0189815259152608, 13, 3.0743111989180605, 11, 397]"
824,4.974684976903314,"[2.6201563939972976, 12, 2.4620925030348517, 105, 199]"
825,3.3954365695383295,"[4.123904041858337, 3, 1.4682582261560755, 435, 258]"
826,2.2270809195315397,"[4.86372825674319, 4, 2.788887598353637, 150, 129]"
827,11.817054939533659,"[4.14113335892836, 19, 5.129464636075527, 439, 187]"
828,13.31803786945255,"[4.906044283762628, 24, 4.440532002455246, 499, 498]"
829,6.137678854274023,"[0.4850136053701213, 6, 4.58149564450178, 278, 259]"
830,9.769897049946568,"[4.969612217472689, 22, 1.5201462135088537, 350, 288]"
831,2.580636019686754,"[2.323562199679118, 15, 1.3038323701798569, 164, 281]"
832,4.375982146510614,"[3.195908973497497, 7, 3.9011439961216166, 146, 241]"
833,1.8566080302086359,"[4.031166237033199, 11, 2.6482026526876026, 303, 490]"
834,9.319699025804425,"[2.610808740849035, 16, 5.31714112614905, 249, 451]"
835,4.639726658175274,"[2.0384384104447575, 3, 1.2239203357113906, 363, 80]"
836,8.921739679138827,"[3.428524297974045, 22, 3.8750678143577817, 490, 160]"
837,6.546343195898729,"[4.33159751869233, 16, 2.515912441559898, 371, 144]"
838,9.149428259915787,"[2.6619565282757853, 15, 3.2228750735295666, 312, 152]"
839,6.074666845282433,"[4.861862725104905, 4, 4.131013954213449, 492, 134]"
840,7.942381225955848,"[3.5998826672026065, 22, 4.363738415751689, 98, 458]"
841,1.6584896079286027,"[4.016761610412952, 4, 2.4054008656696153, 392, 109]"
842,8.346655080722265,"[4.326173944763314, 16, 4.273133204217794, 321, 184]"
843,11.63735316449962,"[2.0088293082104514, 23, 4.266924168631926, 397, 476]"
844,4.898091406680566,"[4.016618640376309, 2, 3.949904515572906, 145, 286]"
845,6.182306941554552,"[3.5690562336982676, 20, 2.3743163580214146, 14, 456]"
846,1.104433188031741,"[3.7143024533965625, 6, 2.2953539818752224, 322, 309]"
847,6.997876411927758,"[1.0820695508331142, 16, 4.788650142468055, 343, 76]"
848,6.235216278063168,"[2.920446347150768, 22, 3.8365273467620145, 207, 282]"
849,14.315104398598402,"[3.3415024124133685, 18, 5.229396247591709, 33, 267]"
850,18.264877121782487,"[3.100333813110633, 24, 4.70462016205991, 292, 266]"
851,4.42098519034807,"[2.2628706072501186, 2, 2.507532551997806, 385, 50]"
852,10.682814439139843,"[0.32304497161609036, 5, 4.367731453881072, 306, 103]"
853,4.281304791609466,"[1.488005685424799, 7, 3.081974139373417, 28, 403]"
854,14.710679543011137,"[2.521867156288089, 21, 5.233186244885601, 30, 278]"
855,5.1555533773220255,"[4.837129517372171, 15, 2.9019926601099533, 76, 66]"
856,1.973510523909387,"[3.069654946827976, 3, 2.5543387783122506, 437, 231]"
857,8.448266935699515,"[2.9453991411444647, 24, 3.128599834281129, 195, 380]"
858,8.368649962694342,"[4.909726664897897, 5, 3.5794998636147533, 206, 10]"
859,5.519340377182623,"[4.409931395795458, 13, 2.2686666174202292, 355, 485]"
860,8.066641239323413,"[3.4729674022032424, 10, 5.068450847739481, 212, 392]"
861,2.3250030028005115,"[1.651861678402206, 11, 2.824698694419045, 118, 444]"
862,10.79630461598411,"[4.064933447889629, 19, 4.710648506555336, 431, 96]"
863,8.71681195908912,"[0.28876547569768507, 9, 3.1969160351229338, 231, 9]"
864,5.689924287938776,"[2.744371016566885, 6, 4.701334002048787, 270, 272]"
865,7.283919303464788,"[2.8160044219353737, 22, 2.6552708419442275, 183, 154]"
866,6.052497183651668,"[3.279055783297297, 5, 4.277474934933426, 359, 90]"
867,5.716158333966461,"[1.0191579296630133, 21, 0.5287296810077958, 322, 303]"
868,1.2850722918809188,"[4.560360613664222, 3, 3.274736426322101, 254, 206]"
869,2.0347480963010742,"[2.0926413788820817, 16, 1.1113874912955293, 463, 252]"
870,5.2855582946890785,"[2.8897427773105915, 22, 1.3095099746248309, 170, 294]"
871,5.136829737621557,"[4.2306707440892914, 9, 2.9671452972705312, 330, 395]"
872,10.491564979241998,"[4.807316284004435, 18, 4.559543522696309, 270, 190]"
873,15.702335449241833,"[4.896019390844198, 16, 5.237035713282356, 252, 48]"
874,2.279326273027989,"[2.200936602332068, 17, 1.268741605118699, 418, 488]"
875,1.3526856594717165,"[1.7323790397848255, 8, 1.4890441650979, 390, 301]"
876,13.700158447958511,"[3.469166052907102, 15, 4.975115310246788, 244, 262]"
877,12.081494367001637,"[0.8353064471893908, 12, 4.4880925782367, 41, 426]"
878,3.9274823460584996,"[4.326405977918469, 14, 3.1408828955842827, 187, 153]"
879,2.3571204768403513,"[1.653033214249063, 17, 2.084732540276195, 154, 369]"
880,1.8211693789604009,"[1.3287279666488248, 9, 2.8539759647399228, 212, 297]"
881,5.872456470495532,"[2.9542611032997663, 9, 4.166486914918571, 278, 78]"
882,5.586545390771275,"[0.5230641659443732, 14, 0.7043996910503387, 28, 295]"
883,13.160824873574379,"[4.387325562319729, 17, 5.407373072907678, 325, 457]"
884,2.671494147263051,"[1.5689503057772614, 21, 1.5898722602326874, 353, 157]"
885,3.7589242021076377,"[4.0155986963668, 19, 0.859393656655937, 119, 316]"
886,10.954573358968682,"[3.225549243432881, 25, 3.680147725278055, 401, 188]"
887,3.687494378017099,"[1.471170044567141, 16, 2.4799718851710306, 210, 303]"
888,3.4106266820157476,"[4.9987024707549725, 5, 2.6311083404092575, 422, 66]"
889,6.1298126071535135,"[4.91249533507987, 3, 3.8707105756347024, 338, 224]"
890,3.4473010895327048,"[1.9774571914597248, 7, 1.7800015011887453, 383, 19]"
891,7.931714260395681,"[3.812683015672844, 1, 3.0947131915306803, 123, 200]"
892,2.9447134997096667,"[1.9615661038829861, 9, 1.0257619502407276, 174, 197]"
893,12.473568552189237,"[1.553372441653388, 3, 5.048490990488135, 244, 327]"
894,1.6755219580012526,"[1.1635691055046398, 13, 2.0183863353755336, 202, 288]"
895,9.531943438324344,"[4.225303703834788, 1, 1.6931782810112388, 500, 217]"
896,7.000240672192753,"[4.828835260339797, 17, 1.785724183849036, 468, 243]"
897,3.0344095379106464,"[4.722068610409319, 16, 0.7109969747605805, 173, 95]"
898,7.411716225073267,"[0.363607503741351, 17, 0.5744880095514711, 188, 265]"
899,2.355489156726007,"[2.5003216757606705, 19, 1.4634512675251636, 335, 249]"
900,6.959999824497194,"[4.421802253769039, 18, 2.2994931574874826, 477, 266]"
901,3.045723421831725,"[1.2081454392247166, 8, 2.9745301083347004, 154, 231]"
902,9.323042091204051,"[0.20279976838142927, 2, 1.0848152135930542, 442, 463]"
903,7.235546945284463,"[2.6769175147220667, 3, 4.096718382630245, 116, 185]"
904,6.627773525424006,"[0.8570872425731367, 4, 3.4345264691480786, 54, 217]"
905,3.6495451549583438,"[3.443380613128687, 2, 2.168935150971829, 125, 53]"
906,0.845541584466064,"[4.085887576499726, 5, 2.0116779649906156, 99, 330]"
907,5.8001457825922635,"[0.43199408546111784, 11, 0.7679038480562534, 99, 378]"
908,7.092518684385398,"[1.8501560918704223, 2, 5.333725862139891, 458, 45]"
909,6.176505977957875,"[2.341122221001737, 13, 3.2254585415846275, 352, 309]"
910,7.916244810712076,"[3.1513769632943687, 16, 3.4516615140354174, 100, 174]"
911,5.371585189924988,"[1.6109672249690032, 23, 2.2484473844257113, 343, 452]"
912,9.346544295002754,"[0.6395800148832815, 6, 2.8409264245511006, 304, 212]"
913,1.945288514742226,"[1.9401901376213533, 20, 1.7350322024884277, 403, 438]"
914,2.312052880717907,"[4.337594849348008, 10, 0.8216287103152444, 158, 357]"
915,5.910237137693041,"[0.8585828757946137, 22, 0.7819171646344061, 360, 114]"
916,9.041423594722605,"[0.4662806359494295, 11, 3.1155304859518007, 412, 440]"
917,10.228181483170525,"[0.8109612904152343, 8, 5.273507440215192, 270, 163]"
918,6.666310060961722,"[1.4023038437747963, 11, 0.5496528248403294, 177, 299]"
919,7.2730692103224515,"[3.923104779493573, 16, 2.5496208636211977, 256, 385]"
920,8.067110798334614,"[0.4697340122603495, 2, 4.9628098439765616, 151, 132]"
921,12.649529579541971,"[0.9179166700457445, 19, 4.048506048833916, 353, 203]"
922,2.0986665329961256,"[1.4779044517355995, 20, 1.5519537666573167, 295, 409]"
923,2.0824146015483977,"[3.0790338851056456, 9, 3.0276310155214747, 21, 358]"
924,17.954597347868887,"[0.8537406870203549, 25, 4.005075699028035, 236, 488]"
925,2.461700998820301,"[3.0914317067982475, 5, 2.2449557383263294, 231, 384]"
926,8.840631128455119,"[1.7790183558792747, 8, 2.8607531565277196, 253, 22]"
927,9.495292546269658,"[1.945822402294386, 14, 3.2758799117896213, 405, 190]"
928,3.374025551431803,"[3.0176760492361527, 16, 0.7126626248004793, 399, 344]"
929,4.873693766257095,"[0.2021179741108489, 13, 1.9943584614178587, 488, 411]"
930,1.542645989132416,"[2.1317209145756344, 18, 1.662336453507545, 220, 200]"
931,6.100571925951202,"[4.36534955145527, 13, 4.485733524402164, 246, 14]"
932,7.461798452547431,"[1.707154970063323, 5, 5.291008667563125, 185, 323]"
933,3.2744155427110884,"[3.136833762899007, 6, 2.653701040472903, 142, 33]"
934,12.078279244960786,"[4.746469334300965, 17, 4.360559386717033, 222, 500]"
935,2.762812900783536,"[1.8120365453711413, 15, 2.2145668041237236, 95, 451]"
936,5.405992311987324,"[1.3148278361537054, 24, 2.255678825557158, 80, 166]"
937,11.252537774499867,"[1.399533325325105, 16, 4.974485129926204, 298, 270]"
938,4.844582959859487,"[1.68902745137261, 7, 3.5249020651969527, 425, 199]"
939,12.270824037967484,"[1.3237932171574491, 2, 3.8460835532739264, 332, 5]"
940,13.602921090106413,"[0.2926458017789637, 24, 5.2190984958181295, 110, 453]"
941,8.251453253798378,"[0.6042601937236155, 18, 3.080628777700878, 486, 488]"
942,4.440352313807493,"[3.6889681439563353, 3, 3.6497978241711384, 317, 424]"
943,6.4454210304527,"[2.3878756882763277, 18, 3.8642517047470966, 24, 141]"
944,6.917305606553015,"[2.610868783579016, 10, 4.62586815279978, 166, 54]"
945,17.473559999841193,"[0.27704295599575113, 7, 3.3947191526125646, 216, 96]"
946,8.339930207118309,"[4.654344044966157, 16, 2.376336629157147, 334, 498]"
947,2.205258162785844,"[3.361943314354373, 5, 3.13201619133669, 368, 418]"
948,6.453699545119412,"[2.095445974871791, 18, 4.983037089742691, 14, 161]"
949,7.9448165933613275,"[4.761014135952689, 19, 2.3642404693453227, 486, 58]"
950,2.545354375917979,"[2.5867050924946393, 17, 0.9744994993011715, 355, 343]"
951,10.931195979870168,"[1.5021280276733506, 22, 4.138644843073021, 88, 175]"
952,4.516493994751413,"[0.6427447214286146, 15, 1.8658113788102324, 133, 474]"
953,9.512022259967294,"[0.9572877391374911, 16, 4.197034682591242, 55, 167]"
954,2.362618330158875,"[4.3959880583864965, 8, 2.3186601647418885, 276, 113]"
955,4.815444312046006,"[2.695503349905357, 3, 0.8227057588228877, 347, 426]"
956,3.9578170930169105,"[4.722392002847307, 8, 4.913766203582598, 47, 360]"
957,11.874129159153732,"[1.6730997818771982, 17, 4.594720842546832, 365, 446]"
958,4.039477758110834,"[3.547695501033567, 18, 1.7261496679459274, 148, 53]"
959,3.012115487575813,"[4.452681906748261, 2, 2.222444727274997, 70, 462]"
960,3.82458934461235,"[1.7495233243808794, 12, 5.131272874299017, 333, 353]"
961,6.9869009876526835,"[2.317186938655788, 2, 2.464649882132195, 40, 448]"
962,3.5124631992827666,"[4.587933197917932, 15, 1.0440836965888092, 157, 86]"
963,3.317101470916115,"[3.19671248661496, 3, 1.3763172824705223, 120, 346]"
964,12.871237510690877,"[3.306129429784388, 18, 4.237942190438853, 26, 257]"
965,13.823133276040931,"[0.7134410095565469, 22, 3.3852937848120677, 275, 193]"
966,5.681395967102781,"[0.9118286609328766, 15, 0.8120953359533891, 403, 17]"
967,9.652129264352352,"[0.13883991616336555, 9, 1.5380437125109256, 122, 212]"
968,14.34989695852008,"[1.520706360768873, 9, 4.4247002541655505, 491, 265]"
969,10.330473134137515,"[4.792418112066888, 22, 5.359118463691772, 51, 168]"
970,7.127287001037412,"[1.2954463152160005, 4, 0.9289702813085945, 486, 257]"
971,10.123433497069849,"[1.42587320939206, 21, 2.960246186041912, 72, 6]"
972,8.590329460543096,"[2.9614278585885114, 19, 2.28604392943436, 208, 170]"
973,7.400669306796616,"[0.23792498140411958, 8, 0.599129891626093, 307, 20]"
974,15.783900791642086,"[0.2570924623328611, 13, 5.064690030670368, 389, 309]"
975,8.098473345560054,"[4.947151715841611, 20, 2.3421428080213085, 86, 393]"
976,7.754603577798263,"[3.4216422033962064, 19, 3.088436204029003, 299, 192]"
977,4.6910704410155235,"[1.2684428523248406, 6, 3.0288477968040284, 383, 434]"
978,13.918451738849893,"[2.423850565312286, 1, 5.236156705437699, 448, 165]"
979,9.32320543124408,"[3.7381882167097693, 19, 2.911531004047536, 409, 461]"
980,5.280509659169976,"[0.6640747979832631, 21, 0.6552075343036396, 71, 119]"
981,7.491829420430212,"[1.4625398993449044, 23, 4.945131835775944, 430, 29]"
982,6.774691943890448,"[2.0094511758552516, 9, 4.6445178738417, 118, 375]"
983,21.245617910555524,"[0.37670920912062855, 6, 5.401311003908358, 444, 155]"
984,3.1661657744895826,"[1.3681990591782107, 24, 2.2569509351146704, 43, 100]"
985,9.02321632712533,"[4.081784624633611, 12, 3.8305258992915783, 29, 205]"
986,1.7420947035433942,"[3.2866727070528996, 4, 2.881143723194489, 383, 376]"
987,3.8306166687425174,"[1.979927893654663, 17, 1.2806036369953746, 22, 34]"
988,6.408200900660223,"[1.4177198432963936, 21, 5.111877973935707, 130, 255]"
989,5.049608209607601,"[4.061100698149215, 7, 2.995484037970297, 495, 266]"
990,1.3029194191074431,"[4.413096390202959, 5, 2.084544431855551, 305, 111]"
991,8.975619459197521,"[1.2680227199422422, 23, 2.6479903849367403, 140, 272]"
992,10.66161140428575,"[1.6098680085897583, 4, 4.586357888382183, 309, 368]"
993,7.429001238090914,"[0.8466261812085091, 3, 1.9678727555212443, 240, 203]"
994,13.908590254559106,"[1.6254505300660609, 20, 5.433571561988124, 33, 266]"
995,3.418253707846798,"[4.581845981451007, 2, 3.7902664920588824, 161, 254]"
996,4.073482297363846,"[1.5425091766848118, 6, 1.281875895332662, 97, 461]"
997,6.045405422526146,"[3.3273385689342425, 13, 4.267518554079342, 253, 141]"
998,6.755938874500563,"[1.3182888342402983, 12, 3.956516996101448, 280, 102]"
999,5.295627843590423,"[0.6086998434617078, 21, 2.6124460355851826, 206, 225]"
