error,learn_rate,num_hidden_nodes,weight_range,beta,c
0.468437267,2.576735006,11,1.940124834,488,461
0.626136916,2.918118982,13,2.421335012,486,455
0.707821097,2.768503492,11,2.034396814,469,459
0.751667641,2.606107207,12,2.446093978,484,493
0.773221469,2.221356806,12,1.658392972,453,478
0.798296205,2.760257112,13,1.57489332,482,488
0.863439398,2.511660829,13,1.948683269,470,494
0.863777144,2.24471696,10,2.048609966,470,495
0.89463689,2.510075946,13,1.715812099,484,496
0.903600739,2.20183102,14,1.54415714,461,475
0.904589152,2.702641957,11,1.625122211,493,476
0.930375634,2.487157832,10,2.098668667,494,450
0.932428707,2.356981196,11,2.156692483,450,469
0.972784629,2.631373575,12,2.140171541,486,474
0.990634217,2.692063365,11,2.417549118,482,496
0.999676411,2.417427583,13,2.032188916,454,458
1.000525045,2.328765479,12,1.647618392,466,476
1.003186378,2.564201101,12,1.553096372,479,479
1.014687786,2.35086665,12,1.906823092,495,469
1.03096194,2.191040626,13,2.116628618,483,497
1.036579988,2.267119081,13,1.91245227,497,458
1.037039265,2.678268062,10,1.564747009,465,468
1.037155784,2.767366712,11,1.740044552,468,461
1.040538565,2.879715122,11,2.275407595,491,490
1.045138524,2.111758264,12,1.743568808,480,476
1.049629853,2.206171508,13,2.171164605,467,476
1.051611145,2.438095888,15,1.687788411,497,481
1.052052166,2.067815676,11,2.354681949,477,460
1.056299198,2.050684411,13,1.795301669,486,475
1.068365091,2.715995801,11,1.789607285,490,476
1.080814436,2.550011856,12,1.662538782,455,475
1.082379979,2.331766386,13,2.066939124,459,465
1.094464665,2.250437811,13,2.317087535,496,495
1.095069076,2.897390694,14,1.741535733,491,495
1.100739486,2.393857004,12,2.058838809,454,486
1.102006115,2.347442527,13,1.537067263,473,484
1.103278869,2.999703173,11,2.466031169,460,492
1.110400466,2.639253842,10,1.554604389,494,475
1.11603807,2.158792424,11,2.145662481,461,477
1.116661913,2.100612325,12,1.953188315,465,472
1.118478083,2.094020553,11,1.725075566,478,491
1.133392276,2.326283249,11,1.569969719,454,465
1.145628375,2.311319045,14,1.51777184,473,486
1.149577129,2.003401338,14,2.342381519,454,481
1.165688218,2.631504238,12,2.121560432,465,487
1.167277047,2.952666694,10,1.988456881,464,479
1.168781225,2.729761224,12,2.044723853,491,482
1.17070712,2.718057239,12,1.866751113,469,477
1.172767877,2.309344561,11,1.691558711,496,469
1.174709088,2.293186517,11,2.382102486,463,458
1.177515922,2.622937468,12,2.211947863,451,465
1.179008325,2.838358337,11,1.526365899,484,490
1.18014863,2.930808578,12,1.533417271,482,466
1.184216313,2.880600495,14,1.721990463,474,452
1.185575273,2.040366939,14,1.591790831,497,491
1.196695148,2.647175923,13,2.492939159,452,476
1.210885697,2.153226352,12,1.611139806,462,486
1.217610853,2.855347686,12,2.411839019,492,480
1.223067555,2.200639659,14,1.847425608,473,495
1.226420634,2.324778098,13,2.074080814,486,468
1.229376411,2.31721749,14,1.891854297,450,456
1.231402019,2.782084145,11,1.983889427,459,451
1.232466601,2.356995982,10,1.550886976,461,495
1.248339545,2.035472579,14,1.891807469,489,489
1.251893587,2.13468413,10,1.623728446,486,499
1.252540122,2.020076843,12,1.756716221,500,471
1.25572579,2.835916059,10,2.134382562,477,473
1.25881483,2.876571386,12,2.236344096,486,495
1.259903785,2.088477029,12,1.933564297,455,457
1.262435955,2.648932892,12,2.173399755,460,468
1.264128649,2.748655608,11,1.593135871,487,488
1.27058717,2.191842791,12,1.988509802,480,489
1.274338966,2.325045558,11,2.3253401,455,469
1.277836934,2.207387784,11,1.853620968,495,487
1.280430995,2.085788134,10,1.704652355,491,471
1.281937164,2.558145806,15,2.062238272,469,465
1.295696001,2.169825704,11,2.023849,455,471
1.300067306,2.610699829,15,1.973045102,498,486
1.301302788,2.126187554,12,1.605728868,476,460
1.319181732,2.561123361,14,1.727217526,470,488
1.32314741,2.363991763,11,1.510758628,491,482
1.325974211,2.278716107,12,1.571555543,467,468
1.326214419,2.849033282,12,1.96961454,464,482
1.326884306,2.182329304,14,2.136945947,462,493
1.331721945,2.574493467,12,2.467003757,485,457
1.334558708,2.384059188,12,1.541737478,484,499
1.337163389,2.291958528,12,1.561810624,493,470
1.338541899,2.873524061,13,1.706962468,463,492
1.348048271,2.600345552,13,1.696669694,493,484
1.349704006,2.462858265,11,2.241505103,463,464
1.359694827,2.10296445,14,2.119480939,458,459
1.359822495,2.483813375,13,1.927413635,487,487
1.364109105,2.225570475,12,1.739256168,468,490
1.365758432,2.724618695,12,1.731131621,492,489
1.373985337,2.449853586,11,1.571041702,488,482
1.379571128,2.925905247,13,1.701978519,479,482
1.380905047,2.608901455,12,1.725771083,480,485
1.382229058,2.649198026,13,2.048395207,480,477
1.385912619,2.645919553,13,1.972345373,475,489
1.387432523,2.264857409,13,2.388921476,487,495
1.390019698,2.115422415,13,1.882832664,475,500
1.394255757,2.315346644,12,2.102876253,463,456
1.395613929,2.564189673,10,1.828079057,464,470
1.396406194,2.851207852,13,1.711704366,495,493
1.40427801,2.099195663,11,1.727350776,467,472
1.404313066,2.313205132,14,2.120142991,457,453
1.414820822,2.333898444,11,1.828180506,471,467
1.416514331,2.356797465,13,1.71246161,450,464
1.41688607,2.998189793,11,2.418826626,484,456
1.417694581,2.239043796,12,1.89313898,489,468
1.418484341,2.420914817,13,2.498664476,459,455
1.419658661,2.725352566,10,1.63487269,479,499
1.420141391,2.927682742,12,2.126874212,470,453
1.420990225,2.173582589,12,2.398998222,474,478
1.421991396,2.000535692,11,1.802569919,462,500
1.422283706,2.428099975,14,2.083198292,489,461
1.424852796,2.876679265,13,2.463952875,482,460
1.432466757,2.297318248,15,1.924728438,474,499
1.433298378,2.520668929,11,1.652941152,451,492
1.440460386,2.496200249,13,1.579683411,489,478
1.441185963,2.062698606,13,2.308829592,479,467
1.442723564,2.320060943,13,1.815441978,473,458
1.442918648,2.954414847,14,1.689253653,464,493
1.443639457,2.239548645,10,2.172933655,476,466
1.444306824,2.298098139,13,1.684207481,476,488
1.448160799,2.376209795,15,1.842627164,470,475
1.449066534,2.73783164,11,1.592692257,450,460
1.45526684,2.350972361,11,2.04925886,486,468
1.462333492,2.236515235,11,2.270032619,486,498
1.462499537,2.810931719,11,1.50893015,468,454
1.464340771,2.550801224,12,1.733286482,453,482
1.465967204,2.454756196,12,2.281056063,450,471
1.469000785,2.944966656,10,1.88567989,471,485
1.470988632,2.342237542,12,2.231233315,460,497
1.471166345,2.264609683,12,1.623118218,476,458
1.476359433,2.486476431,11,1.667514283,477,492
1.48224812,2.570712977,12,1.832010014,465,496
1.482721079,2.949592859,15,1.543777502,451,498
1.487597552,2.525102814,12,2.290855606,467,462
1.487944372,2.656712996,14,1.7932191,464,486
1.488714994,2.859857658,10,1.777732634,468,498
1.491735677,2.844521809,13,2.482412141,481,457
1.493489583,2.641879259,15,1.738625455,487,450
1.493930402,2.705636067,11,2.199017411,491,454
1.497410771,2.624450279,12,1.785860495,450,490
1.497857685,2.034961218,12,1.684919238,474,498
1.500798562,2.277402928,11,1.545062266,488,462
1.510717917,2.111257107,15,2.113439202,487,495
1.51321372,2.48372118,12,1.534139875,473,487
1.515481691,2.461296434,12,1.932408952,496,475
1.51777424,2.214383394,13,1.705939973,471,455
1.51821225,2.797310322,11,1.731041263,483,479
1.519066213,2.2973305,13,1.717837111,472,460
1.519584261,2.756828797,11,1.611163695,462,482
1.522196813,2.357463519,14,2.330846373,472,467
1.532693917,2.355273272,11,1.585046972,465,458
1.533673721,2.114573331,13,1.896535152,481,478
1.538846147,2.3773645,12,2.111369044,451,465
1.541505576,2.409073775,13,2.120398943,462,476
1.54336637,2.184726323,11,1.933058909,466,491
1.548747567,2.327707452,14,2.003090592,457,451
1.550739963,2.065504843,14,2.160265425,496,495
1.552891716,2.85279286,11,1.562015122,498,463
1.556377118,2.676900624,12,2.230470694,461,487
1.556457533,2.68787355,11,2.062499931,461,493
1.563011842,2.668425248,14,1.592064788,451,484
1.565331967,2.108596782,15,2.130633808,451,465
1.567722983,2.36614436,10,2.122371063,452,463
1.568361654,2.522148322,10,1.955196153,495,494
1.570277017,2.371873511,10,1.550168625,471,454
1.572471768,2.447104493,12,1.592259188,454,482
1.572955121,2.592206586,12,1.874622661,479,460
1.573260455,2.973274888,14,1.61197841,475,488
1.574234203,2.216437715,12,2.382196807,453,488
1.575238817,2.367531584,14,1.642321887,451,494
1.576953169,2.803729901,14,1.505537589,458,474
1.577058957,2.826192864,14,1.508940712,468,484
1.578257255,2.292191216,12,2.107359802,477,469
1.579141645,2.106524286,13,1.663960912,485,495
1.582645215,2.749906394,10,2.154713532,456,471
1.584137361,2.284857125,12,1.739378137,494,466
1.58597119,2.895152592,13,2.190971598,461,477
1.587483857,2.276707399,12,1.756473133,470,451
1.595719806,2.898123029,10,1.680569979,465,477
1.5972077,2.241586496,10,2.082101757,482,499
1.597553066,2.053408239,10,1.890650821,472,465
1.597832734,2.601444414,11,1.8484411,480,474
1.599014885,2.820150231,12,1.741941618,493,482
1.600024647,2.691961914,14,2.296568224,489,496
1.602590876,2.297880274,12,1.818302943,457,499
1.60343927,2.666384837,11,1.699746732,457,489
1.614437249,2.915734769,12,2.264284645,472,457
1.616745566,2.042465881,10,2.308322737,463,469
1.622981638,2.494519183,10,1.632901934,457,489
1.627995097,2.750294492,11,1.726700192,478,494
1.628872038,2.194466156,12,1.859881281,476,473
1.63619451,2.159665758,13,2.374827498,470,470
1.639964536,2.403496441,12,1.686323004,467,491
1.640767866,2.092990825,15,2.336290402,483,481
1.647156509,2.636350429,14,1.689801394,494,488
1.656218399,2.178992176,13,1.680086645,463,477
1.658066403,2.675636775,10,2.24824936,474,494
1.659552466,2.539325229,12,1.564971141,469,471
1.660451797,2.934782387,14,1.646552888,491,483
1.662215721,2.722558838,10,1.731799055,460,483
1.669005847,2.195321814,15,2.1664634,499,458
1.670325114,2.09522318,14,2.194300958,498,494
1.672605675,2.795292195,12,2.249078887,486,483
1.673302129,2.80821103,11,1.555777954,456,492
1.678801667,2.46628668,13,1.752105601,458,496
1.682410734,2.163211751,10,1.73847806,466,465
1.68509894,2.141496564,13,1.533534857,473,489
1.686661418,2.253713595,11,2.398598507,483,454
1.687202479,2.743091115,11,1.701025459,486,474
1.687222569,2.269181331,10,1.707587065,461,474
1.68843289,2.37416931,14,2.175755105,485,460
1.695117944,2.308997293,12,2.454472431,490,468
1.697053158,2.212600594,11,1.979585396,478,470
1.698301042,2.076062196,11,1.597206746,487,471
1.69978344,2.823028758,12,2.218472297,487,494
1.700409262,2.230037449,12,1.697927486,493,482
1.701035,2.726040414,10,1.798127325,497,480
1.7018716,2.346891869,12,2.006484154,486,458
1.702386295,2.620203878,14,1.648816779,490,468
1.704894517,2.17162053,11,1.654616447,494,474
1.706995106,2.378867508,10,2.031947964,460,458
1.708316258,2.815459132,14,1.629889947,487,500
1.709444498,2.440301902,11,1.553885962,495,452
1.710580425,2.841965227,12,1.724234288,466,451
1.710754109,2.407253687,12,1.522786371,465,467
1.711496253,2.000610514,10,1.960571416,491,485
1.711826025,2.714286545,10,2.127609464,460,468
1.716911497,2.139918732,14,1.894470094,489,494
1.717062825,2.322947588,10,2.316624719,452,452
1.718400763,2.411262069,11,2.319154191,474,470
1.720053979,2.214246047,14,2.145439991,475,490
1.722348069,2.30701896,10,1.773822672,479,498
1.722380821,2.450975642,13,1.706723026,464,486
1.725131519,2.86195519,12,1.972472198,473,457
1.734580289,2.335977913,13,2.233497879,454,469
1.735960392,2.649019539,12,1.859304856,450,469
1.736065119,2.845893556,10,1.706162503,463,499
1.739130027,2.862852644,14,1.780024041,482,458
1.747413214,2.580548042,12,1.706856877,492,491
1.747903563,2.368106005,13,2.024368136,459,485
1.749157226,2.151221177,15,1.915607895,461,487
1.755276594,2.447251351,14,1.566660245,500,475
1.757462253,2.006062986,10,2.330996959,485,469
1.757571978,2.567290646,11,1.687860017,489,453
1.757992793,2.463020365,13,1.758109313,465,481
1.759332249,2.442926397,12,1.648376463,451,471
1.760258613,2.236416566,12,1.972088008,479,464
1.761696944,2.723495431,13,2.20012468,460,500
1.767593731,2.528494507,12,1.615755686,468,484
1.772172623,2.955929388,13,1.822718727,493,452
1.77284564,2.711156688,11,1.88946321,451,458
1.781664306,2.00996618,15,1.741880266,467,461
1.783848507,2.76655597,11,2.196978441,490,497
1.790325552,2.153176945,11,1.61185533,459,472
1.79061937,2.85309005,12,2.416460551,499,464
1.791319056,2.921538713,10,2.327208832,474,499
1.791824308,2.951498602,10,1.760551679,465,462
1.793189298,2.278614323,12,2.218050822,482,452
1.793359032,2.287070717,15,1.670384935,451,461
1.794138253,2.690449545,11,1.546861515,481,470
1.795369076,2.031665583,14,1.642705807,496,486
1.800343878,2.271001222,14,1.51222565,475,480
1.806908983,2.114599863,11,2.157594269,493,473
1.807086665,2.165617001,11,1.895720436,474,484
1.807783633,2.596164425,13,2.479488463,493,497
1.808798386,2.642007326,14,1.820082003,477,473
1.809353154,2.208153163,12,2.376667036,474,479
1.811417886,2.564096919,15,1.953903032,457,452
1.812124201,2.493252118,12,1.80571328,483,495
1.813448054,2.068312736,11,2.040832037,495,478
1.816345039,2.82301167,14,1.826744743,459,499
1.818657941,2.138762311,13,1.591017594,490,482
1.820817204,2.791531989,11,1.601479137,493,457
1.822760438,2.654150266,11,2.02837396,469,492
1.825060772,2.546233739,15,2.041688025,497,450
1.825117481,2.379901794,15,2.127027319,479,467
1.825672238,2.899389598,15,1.627115506,450,459
1.826224709,2.046984617,11,1.785779652,468,489
1.826938652,2.934873107,13,1.518739621,472,472
1.828457513,2.273374797,12,1.522911798,475,473
1.828629893,2.623967229,12,1.94544169,460,475
1.829370659,2.516940219,10,1.649698663,457,486
1.837301846,2.332382089,13,1.617523249,473,499
1.83893643,2.229841804,14,1.587217675,457,463
1.839422438,2.928549114,12,2.478524821,497,451
1.839462296,2.8340599,14,2.079316477,492,481
1.842993857,2.283975247,11,2.444895837,477,496
1.844578769,2.040494188,13,1.792765461,477,450
1.846243875,2.318337899,11,2.219393486,459,467
1.847828557,2.38762375,14,1.867709226,492,488
1.850111228,2.194463507,10,2.079252653,452,452
1.851982596,2.347646256,11,2.471745023,493,498
1.852145936,2.359042879,11,2.094838337,483,466
1.856423229,2.251596004,11,1.560078542,459,483
1.864818219,2.878751273,14,2.127497277,458,462
1.865467644,2.733828429,11,1.52637134,471,473
1.86577682,2.555886754,13,1.574147933,460,454
1.865885729,2.144501398,12,2.083532624,467,461
1.866040779,2.002335836,11,2.300440016,459,469
1.866541,2.315823248,13,1.601603097,487,480
1.870698468,2.467612394,10,1.511232971,488,491
1.871895974,2.827489823,11,2.397881947,499,471
1.872093635,2.878043116,11,1.81093656,499,499
1.873516141,2.791168737,13,1.6588377,484,452
1.873855587,2.76903455,14,2.202747023,450,469
1.875069142,2.937443909,13,1.633197757,495,479
1.885187106,2.4746161,13,1.736362982,456,466
1.890005902,2.565755159,13,2.072366618,498,451
1.891364607,2.097472349,11,1.637555681,470,483
1.894773161,2.352874799,12,2.002592861,464,456
1.89627655,2.266988952,12,2.086187472,469,480
1.900687041,2.4686993,12,1.625454426,488,497
1.901013337,2.017516069,15,1.740032711,468,500
1.902683422,2.105691406,11,2.136533426,465,464
1.903487297,2.714061557,12,2.29124055,492,460
1.903800724,2.120148605,15,1.97049974,459,499
1.908528604,2.132488717,10,2.30110406,477,481
1.91006973,2.839884895,13,1.90101617,483,461
1.921245722,2.759651804,14,2.034784293,499,469
1.92157028,2.873822747,11,1.923046612,482,474
1.923086145,2.585581207,11,2.099794545,484,500
1.924140704,2.176637344,11,1.623214528,492,460
1.924721917,2.430026954,15,1.919279611,454,495
1.92480259,2.198904702,11,1.829528026,465,453
1.92587528,2.93951069,13,1.96527387,475,496
1.928062431,2.699031007,14,1.686996873,462,484
1.9303296,2.316946127,12,2.438558255,455,458
1.930390484,2.966895374,13,1.940545479,457,463
1.930809308,2.545296586,11,2.313765827,470,471
1.933964397,2.502529831,12,2.14013496,483,465
1.935756917,2.412185102,15,2.280570652,485,491
1.937145186,2.725205041,12,2.204236616,462,474
1.940056142,2.971219968,10,2.120271348,454,484
1.941163454,2.297145021,11,2.319834495,459,485
1.941323533,2.332240502,14,1.863336248,474,480
1.941584206,2.506493484,13,1.844727856,457,461
1.941608703,2.569245872,11,2.429540305,472,498
1.942726065,2.306675798,11,2.444608571,499,469
1.945231523,2.736776981,12,1.860614195,490,466
1.947961297,2.745145673,11,2.113526482,478,455
1.949153518,2.778679405,13,1.973691657,496,493
1.950548954,2.691083103,11,2.410974207,493,493
1.952462784,2.57926968,14,2.351303531,487,460
1.956488737,2.090034599,14,1.943200535,492,464
1.967499501,2.429533748,12,1.810746685,486,481
1.970673412,2.291963536,10,2.031208741,491,452
1.971259374,2.580884375,13,2.289730683,477,470
1.971765367,2.644995095,14,1.611853763,453,467
1.98751009,2.495088994,12,1.771372267,499,490
1.989249065,2.645050444,15,2.138901534,472,484
1.993080971,2.692703195,13,1.793313095,487,458
1.993089463,2.860090053,11,2.130835118,470,493
1.993941177,2.616561516,15,1.919217167,463,453
1.996458469,2.513348817,13,1.588391266,457,498
1.998052317,2.739006079,12,1.621386002,494,459
2.007116998,2.418654189,15,1.78087634,458,473
2.007230999,2.375592104,10,2.395187605,494,470
2.008507342,2.299439535,14,1.947483589,457,469
2.015693528,2.591570465,14,1.734911544,463,452
2.015716807,2.565828215,13,1.839398358,459,459
2.018878445,2.862773759,10,1.741254593,454,455
2.019765198,2.399361551,11,1.939099141,496,467
2.019889973,2.581700029,11,2.132163142,484,453
2.020905474,2.129698649,14,1.993480135,466,491
2.023231309,2.575461241,10,1.576609929,475,480
2.024789018,2.559190885,14,1.776605256,466,484
2.027619034,2.890430206,13,2.30239884,489,477
2.030844149,2.048837272,11,1.848854852,487,465
2.034587179,2.906198427,15,1.649837639,488,491
2.035734158,2.411378125,11,1.615040523,469,463
2.036849127,2.409919941,13,2.374747244,455,488
2.03824161,2.798739535,15,1.611844518,493,489
2.038242209,2.399166189,13,1.846809878,500,497
2.042490782,2.66323349,13,2.305766275,478,470
2.043818244,2.796827561,11,1.931491311,495,477
2.046382474,2.430031933,11,1.823715968,462,454
2.048618918,2.684773221,11,2.110107221,459,483
2.051664836,2.904353251,11,2.085032233,481,471
2.068341469,2.818570814,11,1.685523365,464,451
2.07367162,2.211339421,12,1.967372727,471,475
2.07446955,2.69932178,11,1.752364719,489,462
2.07604588,2.606917603,14,1.815907463,485,471
2.076382933,2.077357826,14,1.868929514,467,468
2.078489366,2.585979329,13,1.940228547,472,494
2.079005207,2.593687643,13,1.681696199,459,491
2.079901418,2.065386036,15,1.913285011,456,485
2.080735528,2.670656008,11,1.790404815,470,453
2.081478916,2.676808038,12,1.731817221,451,472
2.081513432,2.504687762,11,2.070417636,484,471
2.08219966,2.670147982,14,1.690342278,453,461
2.085544961,2.075816856,10,2.020556832,483,486
2.089476631,2.750037607,12,2.056498425,480,485
2.092411334,2.095342067,10,2.05311386,476,491
2.092640757,2.597299538,15,2.262725746,498,464
2.093013378,2.962693019,12,1.504059969,492,455
2.094659618,2.207184832,13,1.782891451,489,498
2.094802851,2.93482134,14,1.512675066,499,464
2.098344053,2.284463444,12,2.009426729,489,452
2.098383562,2.298796469,15,1.577499224,455,460
2.098672608,2.238369047,12,2.109233545,468,471
2.102258732,2.924430194,11,1.622859739,466,470
2.103637732,2.175135356,13,1.524136584,477,472
2.105127912,2.836753272,11,2.457938681,483,485
2.105355912,2.934121337,14,1.716568377,466,492
2.108182102,2.336840478,13,2.073191327,494,484
2.111997887,2.953059183,12,1.500290183,467,493
2.112256539,2.464341371,10,1.749873477,467,453
2.11462791,2.344201577,15,2.026975369,476,498
2.115408914,2.794734573,11,2.296586034,492,473
2.11561505,2.974090572,13,2.093027928,456,472
2.116220668,2.470340905,13,2.166672191,472,482
2.119711925,2.350069215,13,1.542846005,493,487
2.120388391,2.614309387,12,1.933880735,493,459
2.129487593,2.232500069,12,1.82178951,457,464
2.130717477,2.236574348,15,2.055989311,473,455
2.132108092,2.504789007,12,2.006177877,450,456
2.132754876,2.539777072,12,1.721474448,460,465
2.13372973,2.424783368,14,2.359401212,483,484
2.134738301,2.031490974,14,1.766508283,465,499
2.135845576,2.53130932,15,1.581782927,480,466
2.137712687,2.41573949,14,2.075443465,488,497
2.140466,2.081163832,13,1.754846631,478,483
2.141803158,2.561378215,13,1.825639193,451,488
2.145136449,2.011869736,14,1.808191622,499,460
2.167963789,2.850461856,10,1.978168449,478,456
2.176467966,2.091342251,11,2.15577529,489,466
2.176916996,2.608844792,12,1.674046375,481,458
2.179430145,2.42087145,14,2.087549889,477,495
2.179458912,2.519194582,11,1.867618787,500,494
2.182234224,2.319526464,13,2.379017774,471,482
2.187761247,2.332750682,14,1.61229937,499,457
2.188918182,2.090598433,12,2.307978276,452,482
2.192267267,2.675279476,14,1.787017646,474,480
2.194801862,2.953677583,14,1.900980866,497,458
2.196585582,2.309204131,15,1.643682107,460,491
2.202484492,2.463294184,14,1.554823897,481,498
2.206702588,2.761830844,14,1.620544307,481,458
2.207784961,2.693192852,14,1.677683749,479,464
2.21052663,2.183721504,13,2.260056547,452,490
2.212364649,2.62828691,12,2.14429615,450,476
2.212406834,2.330857615,14,1.911262548,483,468
2.214094726,2.800644683,12,2.060691027,469,495
2.216215195,2.831459478,11,2.054648278,486,485
2.22023023,2.634161125,13,2.026096012,457,463
2.221691467,2.14367352,14,1.604111283,490,463
2.224613188,2.560898476,12,1.592800173,481,456
2.22623335,2.501560245,15,2.20862884,457,491
2.230022334,2.487317317,13,2.367084383,460,465
2.232040068,2.316004669,14,2.416228047,490,475
2.232424682,2.395182222,13,1.920568765,496,459
2.234745098,2.480136053,13,1.547521861,482,473
2.239126482,2.714819239,12,1.572633801,467,485
2.240244063,2.910000985,14,1.681255804,471,476
2.241207963,2.21795027,14,2.27189072,491,475
2.241707141,2.899224256,10,2.171842838,454,459
2.241780202,2.695670758,14,1.89024659,461,474
2.242974581,2.824668196,11,1.999738043,455,485
2.247306378,2.8062099,14,2.300873496,451,460
2.255259707,2.075468455,15,2.157716392,471,489
2.261132035,2.298639964,15,2.403780944,496,474
2.262014813,2.102846201,11,1.803498552,484,483
2.264342606,2.495876302,11,2.113916499,464,493
2.264553108,2.880246465,11,2.423553156,487,480
2.271019563,2.288334042,14,2.171786857,500,468
2.272835597,2.186410611,12,1.788451095,452,480
2.275969472,2.338322124,11,2.304981687,462,461
2.280691952,2.709127172,13,1.749820998,474,456
2.280697979,2.896746027,12,1.985033677,462,469
2.2832187,2.004558415,11,1.958020047,491,452
2.283594971,2.00618136,15,2.464171945,492,473
2.287683497,2.186074449,15,1.612332068,491,479
2.293076252,2.346007475,14,1.897132514,473,463
2.301225575,2.511515702,12,2.229991965,472,480
2.301738557,2.605895536,13,1.548516232,454,471
2.30217763,2.326720866,11,2.300358127,489,466
2.305534132,2.572608599,15,1.582012211,493,476
2.305791813,2.552144386,12,1.549306497,476,460
2.307906803,2.263617401,11,2.05218072,458,487
2.308351057,2.375050396,15,1.67350692,469,472
2.313325867,2.699440249,13,1.910022738,496,472
2.313484272,2.071179024,11,2.318976626,473,480
2.329999371,2.025595225,14,1.5573735,465,450
2.331622093,2.716635393,15,1.860600432,478,482
2.341712178,2.439726797,14,1.634015227,490,486
2.344235538,2.189974612,10,2.09926147,457,453
2.345097444,2.870977258,11,1.713907366,457,485
2.346411262,2.371027726,14,1.945673002,471,488
2.354856163,2.531776189,11,2.192684165,488,478
2.361273935,2.659214614,11,2.249150922,479,488
2.363934395,2.236625347,12,1.765055082,490,474
2.366320161,2.747945953,14,2.40144071,458,451
2.371462013,2.064283691,12,2.286979105,453,455
2.373504203,2.371755152,13,1.824477988,465,473
2.374295149,2.14719887,14,2.051779732,473,461
2.37675282,2.782315726,14,1.83658776,481,497
2.386030431,2.875121457,13,1.534361641,463,451
2.38641562,2.698384856,13,1.884507617,468,466
2.388583792,2.465483332,12,2.274565489,460,456
2.391944015,2.716145646,13,2.129806,459,466
2.39246395,2.953753789,12,1.991319714,489,485
2.393715923,2.013155572,11,2.188568065,453,463
2.394017645,2.98875977,11,1.516502974,498,463
2.395758684,2.343341358,14,1.631752124,477,489
2.396076228,2.84899241,12,2.260722677,461,481
2.401809666,2.22965256,14,2.296827772,483,467
2.406610121,2.285604855,15,2.351913898,486,465
2.415431462,2.606190732,13,2.065238183,457,494
2.420569094,2.727906473,14,2.120409893,462,472
2.42318297,2.030082948,14,2.492866706,467,453
2.424241676,2.427125201,11,2.43116314,457,468
2.424857257,2.101833872,12,1.963750982,470,455
2.436178122,2.258389124,14,2.466522754,460,490
2.441568142,2.413713488,13,1.658466979,493,476
2.44518934,2.935721428,12,1.678062082,485,456
2.446615065,2.960447138,13,1.679617085,460,489
2.449158411,2.094500691,14,2.499599077,480,494
2.452360943,2.059524665,12,1.80638929,471,455
2.453799514,2.666423708,11,1.953339047,463,493
2.455591891,2.657263561,13,2.429222539,463,465
2.458438635,2.437953167,11,2.390839504,474,458
2.471308358,2.901340636,13,2.057926204,455,466
2.473074099,2.003433263,14,2.499382027,461,476
2.478051095,2.18423743,14,1.676931632,453,455
2.484478051,2.215752935,11,1.716593928,489,497
2.487538894,2.047419928,12,1.523735731,452,460
2.489847327,2.937159174,11,2.304484673,480,484
2.49237328,2.796038809,11,2.477120423,465,469
2.492857355,2.450205278,11,2.046730807,455,496
2.494075158,2.338521734,13,1.874757387,474,476
2.495123766,2.421735628,12,2.323999799,478,482
2.495656223,2.271424142,12,2.400847148,468,493
2.504041717,2.085715932,13,2.040325534,490,479
2.505012909,2.066604305,11,2.301913453,484,457
2.513421351,2.965572546,13,2.312150414,458,498
2.51463082,2.900333646,15,1.887041062,474,487
2.514724379,2.160405083,13,2.260876806,456,452
2.518334972,2.937380054,15,2.103399126,465,459
2.523958024,2.371784534,11,2.454401235,451,486
2.526979339,2.890884345,14,2.132390511,494,488
2.528023556,2.134888087,12,1.921225432,454,495
2.528134521,2.473838422,15,2.249597515,473,496
2.528150101,2.032416775,11,1.827964642,463,480
2.530767429,2.639074996,10,2.417930059,461,496
2.532263804,2.169591987,12,1.535447486,493,455
2.53370981,2.491130921,12,1.727399538,469,485
2.537239537,2.027527859,13,1.745285745,482,454
2.539212708,2.333143022,10,1.924345361,492,457
2.540260182,2.300178956,12,2.130033925,487,481
2.54055888,2.774887985,12,2.310760401,477,492
2.544868447,2.780961409,11,1.926086802,478,476
2.548357892,2.33900044,11,1.956694851,466,461
2.548737385,2.767688158,13,1.633986336,488,469
2.55151486,2.568562266,11,1.682714482,468,485
2.553524243,2.151860508,13,1.651160208,455,465
2.553659488,2.502144451,14,1.656487102,452,482
2.554146098,2.026103486,11,1.874764675,467,476
2.557432603,2.515183359,13,2.234956297,485,491
2.55806176,2.767297241,13,2.223439778,477,455
2.570915393,2.164712932,14,1.85093643,493,466
2.577677355,2.971450941,12,1.854728234,491,477
2.581262613,2.790780593,13,2.28204073,483,484
2.581571312,2.410865947,14,2.462620667,469,494
2.587719269,2.9647014,14,2.062300063,464,492
2.589373959,2.7518937,10,2.367582876,466,461
2.589619018,2.257959024,11,2.494510686,471,470
2.602063969,2.833994579,14,2.002458199,453,471
2.608038516,2.458100168,15,2.437569315,480,489
2.611705851,2.194859916,11,2.232018885,488,484
2.620818911,2.547895098,10,1.750352319,487,465
2.621113649,2.58571416,13,1.657320002,493,490
2.623199097,2.041740934,12,1.770030074,497,493
2.627978701,2.082276523,10,2.382479604,461,478
2.628123767,2.223019566,12,1.729082994,473,456
2.634815197,2.145822041,15,2.166804053,492,461
2.647174703,2.962621289,13,1.693863143,496,475
2.648318169,2.916045563,13,1.640990667,462,456
2.651205516,2.551114687,14,2.320352111,469,464
2.651209084,2.522330964,12,2.33734697,495,477
2.65163256,2.551866736,11,2.126715933,491,475
2.65715012,2.635726767,12,1.91431432,473,477
2.658387941,2.974369869,14,1.913479183,489,464
2.666952054,2.957775446,12,1.852348915,469,499
2.674370199,2.892843,13,1.93724915,495,497
2.678225702,2.443436726,14,2.414025324,468,455
2.681470337,2.104345274,11,1.720290946,469,468
2.689908476,2.959179111,11,2.063685128,473,496
2.69875678,2.737214713,10,2.039072324,487,484
2.701878772,2.746008821,10,1.657636561,494,492
2.705765323,2.601853991,10,2.133040767,493,477
2.710254999,2.823017979,12,1.516783435,485,475
2.714478298,2.208146673,12,2.426762359,496,465
2.722646538,2.373101805,12,2.450895247,478,464
2.7227192,2.809760949,13,1.836692547,451,491
2.723776861,2.361082422,11,2.495524633,456,472
2.726407498,2.903902374,13,2.045546144,500,471
2.728958364,2.442473744,13,1.671773973,489,498
2.730185314,2.520905666,13,2.235933745,478,458
2.734777255,2.841609933,14,1.753674888,463,465
2.739269798,2.740216701,14,1.660126163,450,455
2.741299126,2.069128572,15,2.288867929,488,476
2.745672251,2.623345464,11,1.792081922,491,481
2.750571336,2.832603988,14,2.294649506,474,485
2.753569266,2.308462882,13,2.345614605,462,467
2.759939266,2.33904162,14,1.692173873,500,480
2.761568144,2.175639919,10,2.496809177,478,488
2.772351658,2.190181548,11,1.982290341,456,479
2.77867231,2.99796799,11,2.137577322,463,476
2.787915091,2.812701133,15,1.594192963,488,452
2.788486974,2.528401733,15,2.440761964,481,489
2.799018371,2.406254004,12,2.075653823,490,478
2.800437918,2.387828518,13,2.194441007,483,463
2.800884081,2.930419438,12,2.205767591,473,466
2.802495752,2.972021373,12,1.606706567,485,493
2.807273788,2.943238484,15,2.106030826,460,481
2.808725977,2.312176951,11,2.137624606,470,471
2.817434698,2.665588185,12,1.592892665,469,498
2.81777107,2.539018434,13,2.131064942,478,499
2.823867374,2.722837797,11,2.359919336,465,471
2.831292803,2.142760882,15,2.023940646,453,486
2.834876557,2.444203016,14,2.106951298,476,478
2.845203648,2.06685347,11,2.398913804,489,494
2.845911379,2.102350074,12,2.054968296,463,490
2.846214525,2.025088242,12,2.007436339,464,500
2.847184037,2.27288362,14,2.184059919,456,487
2.849648627,2.431929109,12,2.361771427,464,475
2.864164666,2.678770817,13,2.183983525,464,473
2.866509784,2.578358592,10,2.399544125,471,487
2.876788857,2.336885038,11,1.606147831,482,492
2.87827107,2.703956068,14,2.043093512,490,491
2.881167842,2.195138242,11,2.499943779,480,458
2.914378144,2.849957218,10,1.736882154,464,478
2.920495749,2.13631484,14,1.864911818,493,467
2.922919947,2.847386037,10,1.529338436,499,481
2.93044345,2.235537855,10,1.694445995,491,472
2.945020489,2.04836123,15,2.231440143,488,458
2.946970619,2.967226186,14,2.394803368,469,481
2.957302613,2.519880131,12,1.546211561,461,459
2.97679687,2.039226055,11,2.38708681,468,479
2.978923908,2.905526847,15,1.552896537,453,470
2.980257448,2.286911281,11,2.03828932,469,457
2.991758567,2.484562596,13,2.340092563,484,498
3.000800215,2.200642361,11,2.234064374,458,463
3.002672554,2.938623996,15,1.927372045,456,483
3.013203806,2.668416562,14,1.597761615,488,487
3.017048694,2.400347111,12,2.342478777,469,488
3.021005521,2.581321584,14,2.341858966,483,494
3.031333233,2.497960747,11,2.432403019,482,453
3.035012653,2.443010497,15,2.497847431,458,475
3.039624835,2.482244952,12,2.24836814,492,496
3.053324571,2.292262447,10,1.69826699,454,499
3.053730351,2.781551285,10,2.146368968,468,495
3.05653894,2.172442514,13,2.363061911,462,485
3.060416143,2.516813329,15,1.91227583,453,466
3.06863981,2.223856706,15,2.062623814,479,487
3.068899226,2.443460278,11,1.837175377,467,451
3.081725426,2.34652027,13,2.243092294,476,462
3.09694812,2.399142639,15,1.927741933,485,476
3.110675068,2.441260207,13,1.922281581,477,493
3.122247689,2.576615405,12,2.482379939,497,453
3.12294488,2.660229811,14,1.746710494,464,467
3.129511308,2.404710717,11,2.107930864,497,470
3.135553212,2.375675058,12,2.146337465,451,492
3.164276689,2.972147208,13,2.249160029,469,474
3.172773086,2.26431665,12,1.500019138,464,468
3.178248175,2.69292572,12,2.156531951,481,480
3.186863317,2.863428111,13,1.768245424,489,466
3.192844813,2.77169027,13,1.812620043,467,469
3.19753981,2.954119114,11,2.361251896,471,477
3.199801576,2.705158151,13,2.094652052,475,490
3.204249781,2.926984481,14,2.104970859,481,494
3.211666126,2.28628713,13,2.156646843,480,470
3.213324049,2.932337244,11,2.310833925,498,491
3.21728245,2.996319445,14,2.086161337,462,482
3.230584695,2.719492509,13,2.319255224,496,484
3.277952684,2.739492238,12,1.94015163,496,461
3.278124699,2.913494899,15,1.954828568,451,455
3.28159671,2.788282283,11,2.265371577,452,459
3.283025062,2.176436542,15,2.129787916,495,499
3.293762014,2.415289717,15,2.175829649,497,489
3.314882499,2.895531027,13,1.720605048,469,479
3.3297097,2.651707375,11,2.430871273,471,451
3.360195053,2.83380535,10,1.896857415,478,457
3.362768397,2.725280636,13,2.25752521,482,464
3.369542636,2.960018634,12,2.197708797,484,460
3.393665136,2.056230934,15,2.425541654,452,455
3.419468969,2.689810389,13,2.496452782,496,497
3.445678781,2.370115329,11,2.099150102,491,464
3.451349082,2.839733235,13,2.392804165,466,477
3.455575162,2.261429693,14,1.948678098,456,460
3.473423136,2.32223566,15,2.430065512,499,454
3.494339617,2.920088385,15,1.793298868,474,491
3.506935913,2.427361339,14,2.44327253,500,455
3.509566821,2.540096811,14,2.245875646,456,481
3.512072078,2.844627589,13,2.474958005,490,482
3.549624572,2.493690592,15,2.383200887,450,462
3.556203942,2.699817482,13,2.227018751,494,464
3.557022523,2.969251351,12,2.420493891,479,471
3.557941406,2.736683673,11,2.460981755,460,465
3.566268169,2.556784399,14,2.15632792,496,477
3.573067309,2.553424891,13,2.435260003,469,483
3.573198221,2.731147755,13,2.274265453,499,470
3.575603641,2.129831815,13,2.354646713,461,487
3.577845017,2.952378401,14,2.241520456,493,489
3.578391427,2.982681504,11,2.302893672,499,467
3.605518629,2.735334401,15,2.364141353,472,465
3.624640417,2.819201869,12,2.352902436,469,500
3.63408951,2.884454129,10,2.107369061,468,495
3.680457687,2.730536537,12,1.61574115,469,482
3.682920663,2.5630539,15,1.777546643,487,475
3.685312771,2.331417491,13,2.452824176,495,471
3.693613271,2.155196237,11,2.448213411,462,481
3.711136609,2.211191442,13,2.241659152,462,497
3.712988536,2.738726521,13,2.063207959,461,455
3.719526767,2.924381614,14,2.149979485,484,465
3.747199278,2.894142515,12,2.222229346,491,481
3.797171869,2.518913772,15,2.274308767,495,467
3.812842991,2.074861979,14,2.352376561,469,498
3.851324332,2.838884385,13,2.315230482,470,487
3.851619608,2.669859379,14,2.223362526,456,494
3.872130188,2.985982089,15,1.963408321,483,465
3.872611685,2.624964854,13,2.495246362,465,496
3.885956039,2.831870272,12,1.548452918,468,479
3.926657021,2.574915306,14,2.111324224,450,469
3.929736253,2.676552247,14,2.103040983,453,490
3.938599423,2.983475164,15,2.435926567,466,453
3.942977964,2.148904182,14,1.915152903,469,451
3.985992096,2.996235622,14,1.581832164,491,480
3.996766013,2.533626545,12,2.338516776,465,491
3.997398373,2.075822273,15,2.394173596,499,452
4.055583388,2.918338414,15,2.391194811,467,496
4.061152394,2.136878402,13,2.195044527,492,476
4.064190315,2.611222017,15,2.47743663,457,487
4.073096661,2.17914389,14,2.328655111,486,457
4.093021038,2.829641417,15,2.373175637,497,496
4.11052914,2.947844929,14,2.262825092,498,464
4.112927318,2.324570997,12,2.476922796,484,469
4.152168604,2.424414156,14,2.299618878,468,460
4.17578473,2.373535454,14,2.203236237,499,458
4.190690106,2.971661548,12,2.346082986,468,489
4.224645687,2.806405504,13,2.444981105,483,481
4.27439938,2.023330757,14,2.263732935,452,462
4.305066237,2.463473176,12,2.465172614,469,469
4.33733461,2.897942776,15,1.795577027,461,473
4.349363039,2.655497487,14,2.334461784,450,478
4.395332595,2.764251231,13,2.376593958,493,469
4.406348738,2.421021398,13,2.422215962,494,454
4.419890927,2.541803272,14,2.278682916,468,481
4.429497237,2.952402371,12,2.478526423,499,454
4.441914744,2.462564688,12,2.216027541,486,493
4.451286987,2.330342521,13,2.476521868,473,493
4.471748549,2.34694401,15,2.055161486,451,493
4.499494855,2.618790293,11,2.488975738,480,451
4.544020197,2.246983194,10,1.625029887,478,485
4.58713718,2.272322444,13,2.143538287,471,481
4.590073782,2.212898847,13,2.419113589,458,455
4.661372479,2.126921461,11,2.46274185,457,489
4.679722033,2.239646649,10,2.393950052,476,486
4.755853293,2.461849557,13,2.010643205,497,469
4.803425862,2.092134938,15,2.451036268,466,462
4.811184327,2.715944041,14,2.130507016,465,458
4.817396602,2.130009525,12,2.455444777,478,450
4.841553013,2.97586768,14,2.258160833,459,498
4.871773329,2.063259066,13,2.31763671,462,477
4.9188191,2.311631879,15,2.475547274,495,460
4.972220763,2.747799979,14,2.387644236,479,493
4.972970568,2.185849286,14,2.088946777,489,500
5.007939173,2.19061703,13,2.405036238,463,499
5.096289567,2.916754177,12,2.380250893,460,463
5.168365453,2.038626956,13,2.378008501,491,466
5.169679037,2.124067439,15,2.132108945,496,499
5.172712886,2.445721147,10,1.930421706,451,489
5.202162006,2.948343193,12,2.177995819,475,499
5.20464928,2.842301586,13,2.084922229,486,476
5.421827915,2.100493019,11,2.429471189,472,458
5.440619396,2.455022816,15,1.955336483,494,497
5.454297721,2.997872592,14,2.080725077,469,480
5.504233586,2.81613801,14,2.474089471,492,486
5.625321731,2.693710554,15,2.334318781,456,499
5.646584003,2.241349124,14,2.42170513,455,451
5.825383488,2.008301016,15,2.174605854,486,477
5.905500306,2.41682779,14,2.115551271,489,453
6.003093919,2.371121043,13,2.480955924,465,468
6.003328018,2.492736152,15,2.481229081,458,458
6.066749717,2.428986018,10,2.358982785,490,477
6.113943786,2.576314911,13,2.357273333,466,465
6.142620413,2.951692229,12,2.305789662,469,476
6.264293256,2.765509518,15,2.310661901,470,468
6.273465457,2.139271568,14,2.310326126,451,465
6.291647027,2.106664382,11,2.141973887,484,486
6.292371358,2.797598546,14,2.46754456,456,464
6.645886255,2.390027371,14,2.479611159,485,480
6.925058097,2.541587558,15,2.478409355,472,463
6.970910862,2.190674563,12,2.434572129,493,490
7.305677703,2.610568851,13,2.497508412,468,464
7.48427557,2.012644703,11,2.354777622,486,494
