Unnamed: 0,error,learn_rate,num_hidden_nodes,weight_range,beta,c
596,0.828318354,1.836255864,18,1.972292098,57,481
904,0.920245396,0.547234904,14,1.907567214,78,332
237,0.979321742,3.189067258,5,2.205831983,456,496
953,1.023700429,2.267934812,14,1.50036036,81,177
282,1.044777464,2.36623355,11,1.864908865,32,437
358,1.088691154,1.025221577,21,1.740839309,32,422
56,1.130956469,1.068200753,17,2.06640346,428,422
167,1.271931617,1.434228473,10,2.919810377,99,103
143,1.287809337,4.898681854,5,2.208191784,145,402
788,1.295493842,3.845014907,8,2.524220326,353,496
902,1.317568811,3.304266833,7,2.116427528,362,499
34,1.320934969,4.747173417,4,1.590899235,325,334
198,1.355969283,4.730290745,7,2.496615366,157,436
996,1.432964248,4.219489093,4,2.14243242,421,81
651,1.435601393,3.399366118,10,1.101642382,57,250
539,1.440665998,4.124773568,5,1.887535252,142,494
684,1.442712091,4.435241449,3,2.108952131,493,370
975,1.472755668,4.036221926,8,1.93291823,19,345
487,1.484981475,4.917284289,8,2.063202177,20,400
719,1.509589164,2.40931154,10,1.847685383,166,103
309,1.537756973,4.474231104,5,2.428810331,149,160
329,1.542990456,2.44332694,7,3.107276098,330,106
966,1.549126453,2.853918415,13,1.126281884,300,293
59,1.550705933,4.016450808,5,1.946190002,144,56
187,1.560920511,2.156892586,19,1.373560594,190,446
33,1.583822304,3.617751601,12,1.607122155,186,193
151,1.614573002,2.767138131,14,2.050090119,135,152
71,1.6237785,3.613067586,6,2.041384942,98,319
428,1.643441333,4.460041058,6,2.143310126,487,91
153,1.66210907,1.148635295,13,2.508074768,264,342
748,1.673037811,4.46303789,4,2.87429566,447,379
365,1.729342,2.943260502,3,4.36456534,488,389
219,1.729950793,3.831602018,5,3.302940339,489,226
747,1.75178344,3.674028707,9,2.207622847,297,255
674,1.758441179,2.051311103,18,1.530298879,92,123
218,1.782862235,1.861268438,12,1.727168312,17,309
465,1.795298382,2.772786023,11,1.50320224,85,168
967,1.812485336,3.396991985,12,1.020218286,125,315
553,1.815318291,1.33328209,17,1.667172661,60,232
25,1.815993061,3.997036056,5,2.478344753,107,375
974,1.820410039,1.401407476,10,2.145532671,13,282
733,1.854084006,4.790160045,2,2.883327183,142,87
829,1.862702297,4.426554554,4,3.360712829,315,57
730,1.873303337,4.915609888,5,1.533579322,47,250
866,1.882491933,2.08745562,8,1.232196726,345,488
509,1.884954147,2.668939276,6,3.628962158,78,399
359,1.890857277,2.462713797,14,1.561751027,81,336
182,1.897634466,3.262367656,12,1.273421556,260,115
107,1.921071968,2.659346391,4,1.926999703,306,44
340,1.949504081,4.608783072,10,1.2584581,56,471
724,1.957148172,2.927885665,11,2.100804654,470,447
396,1.959584363,2.063876334,4,1.443861341,334,487
154,1.960176605,2.11402795,5,2.748688608,66,162
304,1.978550017,3.194483366,9,1.809226166,404,113
201,1.99516962,2.741484289,7,1.840952417,53,71
449,2.000035464,3.730823294,3,5.215603174,377,221
811,2.002375108,4.043522763,10,1.870190849,328,81
691,2.039256449,2.825710843,11,1.700644463,265,472
391,2.065788518,4.118136782,8,1.18418655,483,374
947,2.086725492,2.398506226,14,1.526837964,206,79
6,2.090184277,2.176015778,12,2.541867457,373,425
520,2.090449556,2.594207401,7,2.688808771,290,408
184,2.105946669,1.591291818,10,2.277200294,279,195
231,2.121878332,2.550622192,10,1.254768189,152,329
621,2.124860936,2.540617288,12,1.512627572,275,434
4,2.141370774,2.543146001,6,1.547456974,464,415
519,2.142416589,2.287971375,6,2.11059321,53,85
370,2.153076767,3.537023255,2,2.399705118,261,305
579,2.160835205,4.777816497,11,1.542202538,338,261
540,2.161411306,3.378510341,8,1.434747093,249,432
886,2.163099455,4.295112857,11,1.477070103,311,430
740,2.165278906,1.838046255,6,2.453212386,463,379
78,2.175021834,4.070901498,7,3.036986986,4,347
614,2.214294149,1.307648733,23,1.464439439,383,227
224,2.222880111,1.702840941,18,2.975712822,421,232
269,2.223060772,1.324697471,22,1.59231937,147,151
463,2.228043146,3.544751031,9,1.188698463,98,149
226,2.238186925,1.544706105,11,1.755587526,276,322
875,2.24828637,4.046970066,5,3.102162288,171,412
938,2.25361726,4.604268298,3,0.775418678,487,271
576,2.255388253,1.722675788,9,2.362008714,149,325
48,2.268459882,3.449878918,9,3.44452154,306,74
179,2.283916112,4.417550647,9,2.572323832,222,220
100,2.315430672,4.207405396,11,0.715497515,181,345
845,2.320334358,3.349506595,5,3.21007456,468,459
474,2.325594427,3.619443466,10,0.702110861,442,144
217,2.327584703,2.059235357,23,1.572312384,318,98
836,2.329018172,3.961699205,7,1.160812744,474,482
165,2.3318213,1.164221431,15,1.669371084,65,327
285,2.338266672,3.93366537,13,1.732536577,184,60
925,2.360450065,4.523502224,11,2.018336022,113,205
583,2.362180405,2.046130879,6,2.766535343,212,339
73,2.37013679,2.347543789,12,2.006362426,359,136
802,2.374123457,4.710193797,7,1.806060274,144,426
981,2.38886356,1.601463439,23,2.162767788,133,193
916,2.422010232,2.283163395,14,1.716191956,276,199
144,2.432906896,1.59480741,6,2.10264568,498,196
781,2.438155243,2.501934943,19,1.831015059,84,427
606,2.442168219,2.283256125,11,1.817000924,451,373
473,2.445840244,4.262247094,7,1.224266858,180,469
337,2.447116696,4.686621593,7,2.174292261,266,45
436,2.463200277,3.53747358,17,0.986571727,348,447
834,2.46733151,3.550965802,9,1.407763893,21,81
891,2.482582746,1.858258063,7,3.322069748,73,369
291,2.488562354,3.245782029,18,1.073961044,155,161
816,2.49757533,3.970847994,3,3.16878607,294,263
109,2.501840346,4.799005823,13,1.025997777,279,409
853,2.509101583,2.575075173,20,1.19722762,11,114
254,2.525751581,1.892644455,11,1.202341378,311,466
729,2.539027281,1.454619963,8,2.205009965,54,73
906,2.569299,0.999542893,15,2.700817028,240,383
438,2.575596144,1.388293734,18,2.320287891,475,290
676,2.591419456,3.486631419,8,2.361326833,407,336
859,2.595971746,2.723970426,19,1.613619094,307,490
560,2.598693909,2.369724138,18,0.887969955,204,174
561,2.610508082,2.675259767,17,0.587132027,37,454
301,2.614680489,3.070840794,19,1.283192701,120,417
488,2.624386888,2.019606627,19,1.295813345,90,110
298,2.638503258,4.844205025,2,2.132365842,3,270
131,2.64868788,3.740614946,12,1.643827033,102,165
94,2.673107866,3.354997232,8,1.444393004,40,375
961,2.674957174,4.334022608,7,1.380311508,340,172
54,2.676068918,1.506373379,13,3.02670976,111,287
721,2.683228264,3.060134571,5,1.338613103,75,248
92,2.683982513,3.92216314,6,2.833429959,427,486
386,2.685186531,1.875569086,6,1.664147888,383,92
705,2.727600155,1.108839865,21,2.397542218,0,493
892,2.728646045,4.35439189,9,2.543767383,299,349
654,2.744551663,2.394100919,8,2.189116493,466,256
998,2.745840345,1.32865355,15,3.023081257,168,174
912,2.748372161,3.725054002,14,0.826570136,415,261
390,2.755058632,0.969053013,7,3.281379926,342,342
956,2.780336595,3.210378357,4,1.03866371,242,380
193,2.786509771,3.872424695,11,0.565070943,467,276
233,2.794064749,3.439304602,13,2.647089939,145,226
314,2.812985193,2.586578893,14,1.224926217,414,95
77,2.831534646,3.510752118,19,0.844620953,468,200
483,2.850025223,2.960358844,18,0.746691102,80,148
466,2.85748273,3.154793667,4,1.076940922,161,69
232,2.859334817,4.507234771,7,0.654817599,453,317
490,2.860761251,2.214494917,21,1.761666033,195,340
994,2.87360564,3.714013271,10,0.600759932,379,178
324,2.875497511,2.594479038,10,3.48122507,178,293
793,2.875515153,4.5140091,7,3.786432377,432,81
472,2.881110096,3.753929657,15,0.972218543,333,119
13,2.893095959,4.923529066,14,1.510701067,90,343
701,2.897505694,2.967788022,21,1.182994855,185,437
128,2.901091484,2.432929033,15,0.647006948,196,408
750,2.902635855,4.079755675,3,2.433269244,188,306
146,2.922615179,1.545772609,14,3.278519313,364,198
543,2.92698414,2.610857235,18,0.759514432,276,201
713,2.928189809,2.069282306,24,0.973190027,326,346
556,2.931403227,2.576557869,8,1.160600261,19,49
843,2.933189267,2.408598285,9,1.940681469,434,412
986,2.934859722,3.591945367,9,2.143418976,74,154
357,2.938231335,3.540862721,8,3.486066956,276,374
43,2.945526236,2.027726021,18,1.961387795,482,275
988,2.948238166,1.463592391,19,0.843552402,9,459
377,2.949621203,3.516897582,6,3.01594261,390,245
979,2.958730478,2.740492629,3,4.394848731,233,492
76,2.966302553,4.978764215,14,0.762076268,207,441
926,2.968516543,4.463554282,17,1.136086823,315,129
397,2.975047512,4.588035945,17,0.67130077,46,405
550,2.981647341,2.340426977,12,0.897068308,178,429
122,2.991284789,4.631523292,5,1.413133673,176,55
503,2.991456085,1.726893604,12,2.089108839,386,209
354,2.99148694,4.819026052,4,3.803477805,430,499
678,3.004189658,1.711526637,11,3.021109807,147,402
780,3.004481469,1.43117855,12,1.494569131,128,74
281,3.010446339,1.222459198,24,1.48658512,238,475
138,3.01176839,2.831150394,12,2.383892449,488,44
722,3.01419537,4.341057452,13,0.541601147,487,418
824,3.01597789,1.497158215,9,3.041673651,297,77
364,3.016102831,2.6662974,13,2.457024516,386,107
860,3.017455373,0.998691937,16,1.544549141,162,254
665,3.023680617,1.709791533,12,2.009692774,78,239
922,3.026695079,1.139975799,20,1.323119447,32,188
687,3.029030617,1.189335842,11,2.431193407,324,211
103,3.037421213,1.613064134,14,3.188807719,357,215
117,3.0460235,3.781376562,6,2.678677828,79,306
955,3.0475759,1.729087077,6,2.176737301,372,297
876,3.052991444,1.624392689,20,1.172786937,227,345
199,3.053392996,1.592257591,19,0.848694884,221,193
479,3.065052933,4.182578618,7,1.955081965,306,373
552,3.069930194,2.594456583,5,3.014011522,160,86
467,3.080424745,2.32551363,18,1.951260565,122,91
593,3.083603525,4.807347268,4,2.257042783,141,80
950,3.104809313,1.754259739,24,1.124524362,91,431
544,3.105743656,1.510353408,10,1.21751354,148,137
49,3.121148621,3.378294788,3,4.977791979,434,45
915,3.121181879,3.253186213,15,1.801278879,479,286
545,3.123067518,3.868948486,5,4.817992427,413,490
655,3.132531661,3.043762575,6,0.765191046,112,198
968,3.133716839,4.313071626,11,1.497436313,321,135
629,3.141735768,2.365460873,22,1.336378784,184,467
123,3.146524571,3.233507567,4,1.664981442,272,364
777,3.148547294,2.584614369,25,0.684461333,64,218
580,3.161414729,2.430460272,10,0.6445277,139,333
522,3.162360599,3.906149128,2,4.393263907,343,145
162,3.16603934,2.275675516,7,2.81340545,183,110
800,3.1698989,1.136387519,13,2.244295477,369,299
554,3.170507229,3.16980684,9,2.184367977,234,37
66,3.173773705,1.851050044,5,1.519548677,465,352
409,3.17524909,4.776311224,10,3.680859507,413,95
15,3.185120586,4.808434129,13,1.483804097,51,272
290,3.189712532,1.353752735,16,0.998841093,60,201
521,3.194822687,2.904574257,3,2.212829509,455,354
120,3.201163286,4.171173261,10,0.620634127,429,140
928,3.201987628,3.447492021,10,4.441350506,3,470
809,3.205572434,2.39289758,17,0.63539225,7,137
101,3.207949612,1.040115706,15,2.396171336,418,380
410,3.227726882,1.082632034,12,1.898607575,148,301
306,3.228091109,1.675093931,11,1.717232611,479,421
408,3.235646853,2.386603821,15,2.850348657,146,304
591,3.250058419,2.663856239,14,2.820030329,196,244
909,3.259067001,1.313177633,9,2.472150906,53,266
646,3.279350639,2.732308303,17,1.505161669,448,374
679,3.294119685,2.763849277,23,0.76651516,304,264
203,3.296133473,2.533954926,18,1.814655472,38,98
121,3.297461169,2.951820472,18,3.908277443,43,64
969,3.297522826,2.236205666,5,3.014001392,150,184
457,3.298289408,1.555723186,23,0.802020186,425,490
548,3.326742882,4.02890897,17,0.931210819,76,473
857,3.326972576,2.623191314,19,1.360465678,387,46
51,3.327023474,2.036409628,15,3.196717986,271,232
435,3.327538984,2.008548304,18,3.019102598,392,488
712,3.344210176,4.716264495,2,1.066813614,146,455
501,3.356960725,3.895193782,5,0.743591963,9,110
586,3.379221465,3.412776133,12,2.094044051,166,48
136,3.402333815,3.935800067,8,4.005053643,219,233
188,3.405018378,0.946034354,5,2.642726946,414,94
206,3.406034595,3.666399169,12,3.494005973,284,496
752,3.423849175,2.084179182,10,1.180422451,395,275
976,3.433973008,1.927414656,3,1.978474191,409,81
767,3.447146122,3.800076163,12,2.660134627,9,92
458,3.474230802,3.416128937,11,0.509520384,440,109
213,3.545642729,4.619933732,19,0.755557683,145,452
581,3.546213444,1.43919398,5,3.700992125,332,109
57,3.555631009,3.566985704,2,1.941677051,9,59
772,3.566455952,1.791970736,18,3.311769372,450,353
446,3.574218393,2.706970472,6,0.764974856,371,320
622,3.593698229,4.447713201,6,0.571598042,468,299
336,3.613979832,3.051089457,7,3.686676589,93,152
929,3.649923836,2.354360483,20,1.093518378,436,80
55,3.652506229,3.387139066,11,2.836919561,62,489
738,3.654013864,1.167521028,13,0.928570651,299,174
140,3.655644952,2.895910486,16,2.227931902,137,316
95,3.658374054,2.573712007,6,1.1440806,350,127
624,3.668887959,4.659292592,10,2.875742084,434,286
783,3.671100625,1.958029711,19,1.817979375,357,106
516,3.676066405,3.898736062,3,3.889322945,197,44
731,3.679602449,2.285402134,4,2.074024887,147,145
623,3.69537934,2.013273845,22,0.587428975,353,161
569,3.696249393,2.370058575,24,2.02610376,442,355
477,3.697806856,3.131050137,21,0.618531523,318,233
17,3.701133367,3.992048468,8,4.502376003,138,62
773,3.716355204,3.634811196,8,1.439354641,360,26
228,3.720784482,0.916528739,13,2.165368913,32,309
698,3.755903747,4.902090414,20,0.763152529,229,477
813,3.76330366,3.859924748,18,1.311611181,107,432
995,3.79743802,1.389314205,5,1.151451752,479,107
573,3.800799919,3.886403624,2,0.982067457,39,454
115,3.820619596,1.306428361,19,1.069350765,91,104
914,3.825235698,2.220970922,17,1.578671625,210,27
147,3.828158678,2.016643636,10,0.696455659,313,88
518,3.836814903,2.27444476,21,1.928238036,353,213
673,3.836960513,4.432590456,13,2.887847913,294,410
525,3.842665216,4.456583695,15,0.757353978,455,343
378,3.845409521,1.861055254,3,1.784704032,161,22
856,3.84706886,1.641163435,13,0.814235405,307,465
124,3.848184109,2.586681876,3,1.432902592,341,422
343,3.853958768,3.171592343,6,3.679698289,422,230
703,3.873457689,3.302369109,8,4.780285086,223,333
990,3.876385241,2.911157096,3,1.852690732,452,161
660,3.878120866,3.232372637,18,1.636779787,329,50
317,3.886442371,2.535846933,2,4.014100568,455,183
862,3.90817372,3.456270833,18,0.649630699,144,53
294,3.910271863,4.043969174,15,2.065940284,430,284
620,3.910686094,2.029358255,7,0.886403779,282,259
300,3.925366841,3.197216986,15,0.536668647,44,109
533,3.927128801,2.386978828,11,3.140809235,328,212
321,3.9293978,4.350456381,10,2.686330217,474,158
796,3.930275331,4.043876239,12,4.845268215,4,320
260,3.931519139,4.114232988,12,2.391733222,260,37
920,3.933333271,4.158916111,2,1.132044707,206,226
235,3.939566227,1.836066137,21,2.690595348,311,466
808,3.967120031,0.8135664,8,1.664573787,67,76
322,3.971514355,2.878638483,3,3.774036828,401,192
401,3.983547616,3.184056754,4,3.878201528,176,454
715,3.987125032,3.525159643,3,0.732663282,102,195
353,3.988618614,4.75765189,6,2.990339575,463,331
951,3.992843123,0.787674486,16,4.661346692,328,294
789,4.007698165,0.25719242,2,1.938525597,101,73
299,4.016748589,1.905188411,19,2.536071154,291,222
971,4.017988281,2.883379749,25,0.583034033,305,480
535,4.019234365,2.743056186,5,4.095061354,455,358
333,4.032274662,1.722705707,17,1.549074995,427,38
450,4.051257817,3.807060415,3,2.984202761,260,159
208,4.089444783,1.456212527,3,1.487757223,360,264
627,4.099624584,2.332296746,19,3.215233853,87,250
172,4.107081985,0.879472771,10,2.153701306,105,141
825,4.125145165,3.010202835,5,2.791354526,489,14
433,4.126599993,2.270172754,8,3.792087698,317,408
804,4.126717124,0.980373666,23,1.602255058,319,200
327,4.129771891,4.683908119,17,0.739119212,59,373
118,4.138655814,1.846862986,16,0.551994498,336,152
412,4.14191137,2.456593078,7,5.125720316,324,37
265,4.154748991,4.529757818,16,1.10052987,414,391
192,4.155821037,1.866691552,7,1.261190437,184,143
567,4.166963324,2.034893341,2,1.054222696,54,162
31,4.182506469,2.304048583,5,0.846648274,476,316
734,4.185602679,2.8027558,7,4.641903487,267,412
312,4.187021212,2.496259576,11,3.728891307,467,361
256,4.191223646,4.042079721,4,0.771380675,298,304
86,4.19325387,4.869693221,6,2.671356342,315,12
575,4.195426111,0.689372304,20,1.879283084,386,466
262,4.195849215,2.394535973,24,1.437164773,364,269
566,4.202188394,3.537824754,17,2.375866116,291,247
872,4.206367598,3.833064595,3,3.280484426,155,148
104,4.22130746,2.462968955,12,4.032229926,195,458
429,4.223343445,0.331363188,23,1.368905393,97,435
127,4.257641697,3.186052783,10,4.279827215,457,28
36,4.284657685,3.385922684,4,0.589179085,466,391
670,4.296911408,3.422698309,15,1.982672681,317,313
702,4.303171646,3.894221763,24,0.504334063,182,209
669,4.316909789,1.869635552,8,0.725024615,240,157
607,4.318085923,2.47976133,21,3.029654202,381,77
45,4.332759855,4.187955572,7,3.984114185,404,73
371,4.334758147,2.607921721,25,1.310419983,124,92
155,4.343151848,1.960955582,16,4.672204155,2,137
743,4.347786302,4.133390111,2,1.332295749,389,350
352,4.364484155,2.460401106,24,1.832702957,467,302
598,4.372446526,3.947601307,14,3.768474959,314,399
39,4.37326751,4.068173959,14,2.301249808,347,183
292,4.388802731,0.490553919,10,1.610945379,479,380
643,4.406455336,2.135642833,9,0.549685333,493,153
774,4.41328268,3.917212056,2,1.677432706,438,277
348,4.431685158,4.219644266,6,4.486808653,37,49
113,4.463236541,3.894824844,20,1.589842233,412,208
510,4.474061345,3.488386079,20,1.881428612,214,427
628,4.489182308,1.867964919,9,0.834873979,360,276
683,4.500483797,3.223344416,20,1.281638614,170,184
24,4.50208329,2.652702316,18,1.168283983,157,27
394,4.515404538,2.582392398,13,2.510115394,395,271
885,4.52209355,1.271031208,3,1.502775394,58,366
360,4.522646327,4.785375993,18,2.308117528,242,391
716,4.528899692,4.607059117,4,2.81348844,180,167
696,4.529798154,4.11392804,21,0.81642139,327,220
431,4.556812649,0.557807096,20,5.204917457,207,178
826,4.583097606,3.422336953,1,4.693902299,326,251
762,4.588116142,2.335260897,25,0.597957523,22,174
489,4.588362019,0.259748206,16,2.19637935,460,195
137,4.58860383,2.166621337,3,0.709335427,8,35
264,4.589494114,3.332072956,2,1.654231043,309,283
163,4.590374828,3.13989166,20,1.713484729,216,330
339,4.598534604,0.441482697,18,2.254846003,47,476
318,4.615775658,1.428711771,5,4.210653757,199,177
499,4.642856798,2.25961024,3,1.143755717,189,303
588,4.655493541,4.507510447,18,2.300054192,37,331
584,4.662840873,1.196358463,9,2.165355244,144,187
599,4.676401996,4.384237253,15,1.916593249,37,204
757,4.687866212,0.674363909,24,0.707652659,41,56
852,4.700407957,3.799468803,3,4.047951727,251,352
948,4.716156265,3.221677286,13,3.087697351,332,462
106,4.730995014,4.099991602,20,0.966073069,32,25
259,4.759592897,3.2562313,1,3.427999077,455,424
171,4.771289393,0.659972174,7,1.15602433,233,319
959,4.790394091,1.09223158,21,2.081557592,137,162
272,4.794037468,0.973743531,23,2.169726595,291,228
80,4.820029728,4.459429364,21,1.018696415,407,38
393,4.829722896,3.776127071,2,0.604190902,235,117
379,4.836559304,0.922568715,21,0.611877269,299,83
74,4.837896506,1.120586295,6,1.546124402,199,115
603,4.848723838,3.701095533,6,3.637909818,64,224
931,4.856553208,4.67998867,2,0.655031275,330,431
708,4.864883752,4.187165598,2,2.689193708,155,12
604,4.88448654,0.729030371,5,1.126437544,151,56
625,4.890181124,2.562551091,6,0.529291598,328,221
252,4.909125666,2.200392099,8,2.92984458,143,374
874,4.911603685,0.755246102,9,1.194610618,247,360
526,4.923562612,2.626071227,9,3.527677871,246,135
589,4.928809804,1.112733408,25,0.557886181,262,465
616,4.936301356,3.078682064,5,4.18507351,413,20
725,4.960560549,3.642889704,10,2.912710596,437,455
424,4.962822062,1.999928734,4,4.898276514,129,384
537,4.965403129,1.783788226,6,2.960497462,135,92
877,4.970153593,1.712687449,14,2.942459618,271,97
183,4.981057594,4.24410485,11,2.244026015,12,59
913,4.98192393,3.73206682,3,3.495230795,78,161
659,5.020266455,0.830153473,7,2.476418787,65,469
790,5.022582321,1.492752657,3,3.700072687,462,192
704,5.027278829,1.175579774,11,3.948248606,397,219
997,5.02864094,3.727939172,1,2.155227069,458,217
230,5.029966811,4.59329123,25,0.847775414,193,399
251,5.052576581,2.519116877,4,0.757362607,145,421
50,5.05579582,0.72129729,10,1.093715281,212,117
611,5.075303931,2.316681896,2,1.281244282,73,235
289,5.08479229,4.104870539,2,0.653053912,153,355
600,5.157431194,0.899480451,17,0.884357195,226,186
602,5.165767687,2.77252826,11,3.204241288,236,52
989,5.17265335,4.567074474,19,1.817579261,218,434
917,5.178616038,2.920859848,10,5.065824735,117,440
717,5.1855842,1.416090476,16,0.580283281,460,217
633,5.194737805,3.463292781,13,2.990618031,194,120
527,5.21387506,0.948998456,13,0.749749952,383,189
978,5.223660552,1.201613376,18,3.570674077,211,314
587,5.225251365,4.345002028,25,0.839693441,393,172
833,5.233230087,3.786608103,10,3.758846185,94,340
846,5.270832688,3.031641731,23,1.684411577,407,49
761,5.276267222,4.425054274,5,5.049231706,337,118
797,5.284305346,3.26374933,3,1.1655746,132,50
160,5.326257851,1.079857953,9,3.622743504,256,444
168,5.32795502,0.62146627,16,1.113405952,44,216
664,5.331547674,1.284559928,2,2.699130774,28,370
889,5.335860982,0.77691525,10,1.570154501,469,14
191,5.353628381,2.667327748,6,3.588218213,144,92
827,5.363901034,2.263331962,2,2.56114057,274,310
787,5.396993369,4.657729016,23,1.608954853,373,315
693,5.413670026,4.405054238,18,0.733076605,346,450
190,5.413680623,2.355388991,1,3.219797849,197,108
111,5.415654894,2.729015006,14,3.045351071,410,309
302,5.425289803,4.072019514,25,0.781952293,476,101
778,5.436156418,4.388098728,23,1.171883935,72,207
688,5.438977035,3.118211027,2,0.625744368,204,193
657,5.440372731,0.812769147,20,2.709520746,220,61
166,5.45707649,2.01025233,17,0.847250993,382,16
680,5.492843824,4.254387918,1,3.311420714,232,302
148,5.498037655,1.525198818,4,3.187160075,404,476
335,5.499308132,2.733884335,12,5.057899296,231,156
363,5.528679283,3.323129073,9,3.851676916,168,409
610,5.55727514,1.296413268,3,1.150084046,110,189
402,5.565265084,3.810679748,1,1.284718159,111,466
653,5.570267636,1.795238248,25,1.83027553,368,49
842,5.587841935,1.903417538,22,3.317601903,335,310
161,5.599643961,1.92889477,13,4.131614836,446,408
181,5.609906091,2.909732115,25,3.476734369,464,309
129,5.611175461,3.306846538,3,0.623372102,126,466
815,5.614360118,1.876207094,17,5.210823464,499,355
993,5.62720644,3.313001536,23,2.234472441,126,273
873,5.681361829,2.921412057,2,2.034805947,59,70
319,5.682104145,3.555284582,19,2.23366752,164,259
130,5.703498389,0.286577141,22,2.162117868,263,438
795,5.732635192,1.192563696,14,0.67019609,48,386
388,5.733235655,3.208451675,2,1.349700419,217,77
448,5.7519857,1.739888186,12,2.404356453,306,72
943,5.789778635,4.344060998,20,0.559864159,194,90
613,5.799245856,4.48678098,24,1.595647614,29,436
764,5.803253547,2.845591165,3,2.756565234,464,447
454,5.836512113,3.225264417,18,3.191884443,458,47
838,5.839498316,0.734902933,14,0.880071432,375,312
689,5.865559019,1.882809816,2,4.234757056,180,460
415,5.884067239,1.445093606,17,2.998263509,105,301
803,5.884515006,2.737566851,7,3.181405675,102,264
823,5.90142515,0.854445729,21,0.556225409,98,169
426,5.909554095,3.054672777,22,3.139166798,234,66
661,5.911503517,0.818571908,4,1.782141933,344,434
901,5.921739049,4.479263442,20,2.255135818,90,276
443,5.925263292,0.897058344,18,0.677267685,245,344
529,5.940984905,2.306627203,16,2.640091355,454,145
7,5.948356712,3.635257892,20,2.719448892,54,135
392,5.951914144,4.768174927,6,4.460248247,235,387
331,5.9646194,3.694176174,20,2.687376174,289,126
216,5.978566615,4.788117282,23,1.920070008,244,66
23,6.007042945,2.552155717,19,2.385228528,461,32
832,6.014288043,2.81603976,21,2.30309344,443,445
739,6.017948933,3.732271795,3,4.178114858,286,14
601,6.023645132,2.163954982,3,0.54332695,173,400
895,6.058855446,1.555424014,1,1.771498119,241,368
176,6.078783762,4.365056062,9,3.095822522,286,43
612,6.080550634,4.557407681,21,1.769439565,129,121
741,6.085793549,2.459342585,2,4.449553761,75,437
504,6.107939478,1.148135792,12,0.550370545,466,232
116,6.108440024,3.964452606,7,3.562121011,155,247
756,6.121245845,4.537712866,12,3.042299089,349,421
850,6.176483372,3.613376999,12,5.229682267,497,370
52,6.184044849,0.883374665,12,1.925981939,80,142
939,6.191701349,0.331041346,16,1.926490189,473,386
247,6.195527173,3.000817339,17,2.692801021,129,62
960,6.221704816,0.665114246,7,1.666126788,420,333
918,6.235531435,3.783452322,19,2.133332306,439,77
985,6.23820812,0.581774437,8,0.962630278,375,235
417,6.245215079,4.515389661,21,2.444051087,189,465
571,6.248239737,3.598544083,20,2.169715946,280,331
53,6.253582011,1.3135844,13,2.769891426,230,127
64,6.267755145,0.286748667,18,1.356414868,1,65
656,6.27266058,4.151310617,15,3.184090002,85,40
835,6.278263063,0.976555371,16,3.804441549,91,143
177,6.278795883,1.928257482,2,4.036171729,97,458
223,6.305298864,3.746726624,20,1.596741664,186,96
940,6.312641931,2.690655511,1,2.10121245,400,138
407,6.321743888,1.48441425,22,5.072353665,48,213
547,6.325220063,0.146736285,21,1.531103302,347,48
441,6.345020347,3.739631305,20,1.88944215,173,77
18,6.35883713,2.756073432,2,4.317113016,404,217
865,6.359811105,4.015721341,20,3.587078383,300,429
594,6.361158069,4.648606929,2,5.284735149,265,195
478,6.366783146,0.843182843,13,2.492864149,17,427
864,6.368566339,1.919363442,17,3.721923081,274,342
99,6.384605785,1.483390986,11,5.298793646,388,65
980,6.387150141,4.256478371,20,2.180732967,476,481
280,6.394684738,0.888902775,5,1.318657915,478,257
346,6.396111761,0.505139089,23,0.795214024,168,436
311,6.396547605,1.213616478,14,4.645342625,185,460
196,6.407565663,0.278973301,20,0.832721917,280,97
114,6.410474972,4.555343217,12,3.949317232,351,137
666,6.427886107,3.561948195,23,2.055337044,365,287
878,6.440393375,1.05955583,2,4.253240398,30,290
849,6.444793605,0.74437617,14,0.705700895,357,463
145,6.450044524,0.348287675,21,0.898393534,167,53
67,6.473401641,1.165094323,21,3.082746001,460,315
699,6.475099019,4.083329778,7,2.745457978,201,49
605,6.479251295,4.451930189,24,1.355370541,39,17
444,6.48259163,3.312519123,1,0.777486466,291,111
551,6.487537087,3.908103448,17,3.984902003,195,397
945,6.489500905,4.542401778,21,1.387594299,102,271
384,6.4901897,3.255546211,15,4.186572169,32,17
720,6.518503432,3.84187011,4,5.216215381,24,191
470,6.528708625,4.345212227,6,3.295774277,161,486
498,6.533369958,3.898982344,24,1.840841732,205,471
108,6.560049107,4.801604089,24,0.76703818,65,307
189,6.569265972,2.358964677,21,2.371282107,102,158
784,6.570120027,3.37024077,1,2.513077544,52,187
863,6.621591903,1.244720123,2,3.821285597,462,131
668,6.626980567,1.051345754,3,1.70339907,17,222
662,6.670799265,1.284125288,2,2.854996914,449,174
68,6.678223468,2.673622928,3,5.324458546,424,351
156,6.687003363,3.705398506,15,3.909804247,256,245
453,6.696696897,4.010310402,10,3.999412019,435,53
983,6.708494595,1.064145257,8,0.811617669,313,500
325,6.713245284,4.514382119,22,0.862681024,310,18
818,6.720677137,2.593648025,21,5.105250434,480,106
949,6.751553471,0.366241226,7,1.085792363,385,219
794,6.76506567,2.578851516,12,3.781373064,159,427
1,6.791761682,0.338403806,13,1.76854425,37,105
737,6.807997494,3.502941072,18,4.74810316,186,115
645,6.815478721,4.006931371,6,4.453147133,190,204
0,6.873210492,4.793732299,16,2.837443228,85,323
565,6.873323896,4.85525302,15,2.073723491,458,309
72,6.882864581,0.626764003,4,0.503842923,70,87
692,6.885035514,4.312862263,5,4.193577349,264,137
334,6.891336269,2.03820023,17,3.303845584,484,13
332,6.895782285,0.517143012,13,5.368454999,232,236
682,6.896738638,3.086481339,23,1.609126313,443,162
445,6.927547538,1.698141446,12,4.589482161,335,236
132,6.928371638,0.895925756,2,0.606248639,500,222
14,6.932093523,1.15717816,24,2.65716372,388,189
279,6.932532545,4.738025892,17,1.877512147,221,358
609,6.939673294,4.209715166,18,3.867788237,227,217
485,6.942730256,3.456814233,11,3.922770677,391,481
398,7.018837169,2.26886219,5,4.39607627,432,380
382,7.043606199,0.531340062,11,2.840833176,335,449
597,7.060918894,4.273694916,16,2.612662576,48,231
592,7.079590333,2.806333166,22,4.622325,108,369
782,7.084866353,3.689186083,8,5.191924336,88,438
469,7.09703544,1.771607929,23,3.175249774,452,180
69,7.131727544,4.921499955,5,5.207828465,345,350
755,7.132769631,0.721152433,2,1.806698129,206,395
413,7.135428175,1.429531228,24,2.560125188,90,254
723,7.157578614,0.256644491,1,2.285273358,101,97
258,7.191246914,4.620351879,8,5.373292486,17,274
595,7.196788854,1.71497925,11,3.993026148,272,15
867,7.20316497,2.101809877,9,3.899790972,377,152
848,7.228058492,4.836413645,9,3.843729598,492,175
403,7.229322464,1.947995707,11,3.822748683,188,225
921,7.229801566,4.698085893,23,1.838557299,290,100
972,7.234049671,0.843957943,2,3.927938945,475,225
316,7.234771925,0.433803096,11,1.652588434,454,280
389,7.256215646,4.663197292,19,2.792662079,91,371
718,7.263243011,0.975876777,13,4.975783017,58,470
637,7.263943839,0.509655694,24,0.868558013,155,97
11,7.265762909,0.308505126,10,1.858744124,100,257
868,7.278476675,0.967601661,19,3.616615567,197,439
263,7.29202536,1.050586933,3,0.584382544,294,69
175,7.295403232,1.187874533,22,3.598315651,468,410
404,7.299726098,0.681566697,5,4.495344174,150,448
89,7.305607831,1.518492127,23,5.265437649,294,129
372,7.308939444,2.870138653,13,2.878502907,196,242
954,7.310534578,0.962590949,17,3.63724058,326,155
330,7.351863499,3.631609564,5,4.508997322,377,255
907,7.355317861,2.749723675,25,2.708976724,113,246
328,7.355333356,2.920386949,14,3.842001575,495,141
214,7.377321535,2.061578518,5,4.583920234,342,133
903,7.439925938,3.44529605,14,3.938732943,327,37
626,7.45838392,4.944114992,20,2.929376911,114,363
486,7.466212032,2.580591348,23,2.08002264,153,191
227,7.473254807,0.445271771,9,2.460609014,211,141
91,7.480900847,1.553810124,6,3.811874908,386,8
888,7.499998268,3.97369122,19,2.683458697,157,69
677,7.505196956,0.871555802,18,4.289331706,393,168
577,7.506803344,1.572804944,14,2.97410653,10,455
771,7.530171459,0.442801248,2,2.131851502,258,429
475,7.565722348,0.496564383,16,3.59082859,249,406
792,7.57609308,0.47085239,20,2.230397554,82,309
307,7.586947709,4.49567463,20,1.780861924,30,313
267,7.591987387,2.575138742,14,3.456256951,472,201
714,7.602241206,0.811070293,19,3.365645427,386,464
320,7.6629497,4.734560125,21,3.971112021,498,209
471,7.66714288,1.870213545,16,2.980377571,94,43
563,7.668270354,1.497136452,16,3.6855483,407,171
538,7.688920901,3.163571924,13,4.40869002,303,474
266,7.692891259,3.392826918,18,2.966573546,403,31
672,7.693215784,4.734760015,16,4.647984661,479,388
447,7.704321417,1.656739825,19,3.077800741,440,160
751,7.705776264,3.21261577,17,4.462972064,13,243
765,7.728665651,1.720328522,7,4.413783683,322,390
158,7.735888935,3.144183572,24,2.410669118,116,80
899,7.748031436,2.912928496,3,4.697285047,403,323
970,7.778431067,0.618457782,8,0.768020495,151,240
963,7.792237601,2.621657466,21,3.196392994,342,134
476,7.837471991,0.902036956,8,3.184427823,294,372
255,7.841325494,2.051451357,24,5.114553721,34,161
273,7.84770616,4.606670189,24,2.23565984,261,187
439,7.855156656,2.085930159,2,4.780506159,243,333
411,7.862872658,1.51701448,15,4.089132018,67,318
442,7.866903247,1.69573802,1,1.666370342,226,453
685,7.868560376,1.128057783,8,4.054909287,138,125
667,7.877742257,1.623165161,16,4.30212352,439,325
425,7.879725107,0.432039204,2,2.285331964,182,457
923,7.882764717,3.419045626,20,5.264262415,192,382
481,7.906062565,3.548676328,19,4.403068409,192,245
405,7.929597317,3.297471233,8,4.825011161,26,19
638,7.945606812,0.796977734,2,1.970850256,464,449
879,7.968135045,1.14247456,22,3.792126059,265,462
991,7.976120332,0.323826997,11,2.778913752,131,355
242,7.984993441,4.426725931,22,3.381750041,243,314
142,8.044810955,2.721364756,16,3.02239403,411,127
338,8.04715764,2.945291013,15,4.104159852,353,101
238,8.056442417,4.223268204,6,4.751549842,45,23
496,8.063620168,3.179108641,21,3.672850263,440,499
422,8.077184879,3.103289401,8,4.416941712,20,5
35,8.086255463,3.088712646,7,5.235769277,300,135
61,8.09391109,0.895605465,13,3.061790097,465,302
284,8.096855722,1.079541522,8,4.377052288,296,128
744,8.148745591,1.182813507,21,4.064936757,139,34
760,8.159605353,1.451249849,16,5.368633206,239,96
102,8.163426727,4.330998862,12,5.135181076,467,471
837,8.198655235,0.782228239,5,1.916823087,386,456
81,8.203357318,4.55640304,24,1.979090081,342,390
632,8.206073307,4.184833994,22,2.46217589,268,294
801,8.220141058,1.159180981,6,2.862038656,67,58
898,8.230867065,4.688004578,21,1.041985062,17,40
644,8.231525081,4.055812769,19,5.271029132,365,176
244,8.235443754,3.277828859,20,3.324794422,1,231
245,8.311743542,2.346329331,11,5.442611052,500,491
497,8.312736651,0.615638685,2,0.89558892,419,96
30,8.326420182,1.757464324,8,3.62162649,278,448
367,8.344897173,4.114161039,9,5.071082406,376,185
562,8.353311827,2.465172003,16,4.02191769,181,302
658,8.382630672,0.431775128,19,4.192372154,55,411
278,8.38789444,0.625654975,19,2.480288503,117,85
766,8.395705717,4.264417331,20,4.389495356,291,199
419,8.398173857,1.909463356,21,2.68678802,486,318
174,8.403457871,0.340216437,6,1.830100476,283,242
706,8.406594456,1.319375376,3,4.892236458,76,386
261,8.409176374,4.2481082,12,5.052452366,415,360
250,8.433264775,2.158643936,17,4.684702122,57,177
746,8.443229946,2.329897519,11,4.389889928,388,291
209,8.447345586,4.883173633,2,4.581183465,35,21
8,8.476744074,4.119724082,21,3.942883198,318,473
349,8.486891511,1.804685813,23,4.496436331,460,143
736,8.487603445,3.985305866,17,4.29078559,210,90
514,8.492541865,4.912102208,24,1.745463057,309,134
883,8.506133838,0.504198106,16,3.154920927,205,263
619,8.542598748,4.088955384,11,3.661596843,171,110
881,8.56467573,0.708397787,2,1.988680657,482,299
451,8.572544027,0.821017191,22,2.859071053,335,22
197,8.584502552,4.609493889,10,3.194550302,398,7
618,8.599870792,0.723450735,12,5.382880142,351,200
570,8.614798845,4.877433814,22,1.976185535,81,172
249,8.636256676,4.660037733,5,4.608511951,262,385
546,8.649572322,3.301584937,22,3.168849594,457,415
871,8.652938401,1.081771564,3,2.532816047,236,131
908,8.668504406,4.279243033,24,4.242115041,206,57
434,8.685858143,4.259437613,12,4.154757984,275,96
134,8.686324171,1.849700571,9,5.374779421,74,54
186,8.71544002,0.833448542,20,3.618695389,174,61
700,8.725861488,3.704523563,20,2.921444085,27,102
248,8.734338945,0.434992673,3,0.514595885,377,66
253,8.736850528,2.478480393,3,2.503001113,432,7
241,8.746478153,2.156053014,10,5.488805407,201,304
462,8.758285949,3.323136646,15,4.014847634,263,67
84,8.773348751,0.612468532,7,5.389773559,77,100
890,8.774415337,1.881677495,9,4.472947445,202,76
44,8.779381508,3.402491504,7,4.862203566,27,434
517,8.793496284,2.716344665,6,4.631597629,464,5
753,8.793621692,1.110846167,4,3.260012577,490,304
555,8.811696921,0.787371524,9,4.631523921,426,184
173,8.812974544,3.596562518,17,4.637815358,319,467
65,8.840185909,0.87999168,11,3.076206058,313,29
506,8.841880568,0.992535686,20,4.406861929,231,9
16,8.848936386,4.817464411,10,3.940990974,333,60
484,8.851677397,4.49312,23,2.026160289,489,167
98,8.864950292,1.840820195,18,3.4244851,205,27
973,8.885081436,2.358745904,16,3.479721052,0,162
763,8.892920068,2.367248662,4,4.961372328,203,414
9,8.894092999,0.667056729,11,2.356655573,34,482
508,8.900316637,3.078035254,14,2.869867787,300,446
869,8.902667017,1.855421531,23,3.20836427,295,409
27,8.906793477,4.680218548,20,1.287454975,270,57
141,8.93949299,1.15575649,24,2.9762532,52,414
21,8.941973229,1.563211139,19,5.342446065,283,285
305,8.945508104,2.487740382,24,5.289511987,33,471
220,8.950189434,3.593757679,22,3.009616447,168,327
839,8.953583281,0.766195534,7,5.46665432,163,388
819,8.954320659,0.129392031,13,2.486117074,115,372
110,8.962632136,4.716707308,8,5.326962632,396,166
380,8.964709147,2.782076704,4,4.206679758,142,466
854,8.985757568,4.340418489,18,3.167159745,300,360
274,9.025436808,0.588784654,5,4.150978306,457,346
615,9.02813621,1.291915993,8,3.791871581,385,91
3,9.029173288,2.468999448,1,4.255000449,107,396
383,9.059797537,4.052695559,16,4.399633518,193,468
60,9.06144975,4.370661761,17,4.484718619,322,246
385,9.062065509,4.83372499,23,4.302778373,278,249
119,9.076384204,1.061753958,23,3.829023316,424,150
430,9.078400552,0.385067668,7,4.235741685,259,170
887,9.085257199,3.047182683,23,2.075444215,377,166
421,9.126013522,2.863173876,13,4.60609752,56,413
924,9.134978983,0.118786722,4,2.505144487,465,390
805,9.159258197,0.710102824,3,3.417126443,435,21
355,9.191905282,2.192440655,12,3.033021751,15,454
268,9.194554618,4.907317436,18,4.103473432,399,30
541,9.233681057,4.76092889,24,0.933124707,177,56
243,9.260733387,4.895244006,9,3.782292162,120,467
639,9.316420809,0.485131096,1,1.314755387,487,110
204,9.322316467,0.495909218,11,4.192920893,83,291
531,9.323575722,4.711577833,9,4.685320666,206,302
710,9.333405029,4.907654987,15,3.710156083,107,436
395,9.352859871,0.715625237,12,2.274319273,27,408
806,9.361850412,2.742805413,12,3.299976483,5,399
749,9.388091036,2.215566012,10,3.830375654,439,313
590,9.411803755,2.417297071,13,5.239959928,304,208
257,9.424880973,3.29030108,22,4.205385288,261,150
399,9.440241169,3.746061261,22,2.216550975,337,305
958,9.444382504,1.197206236,25,4.910712329,345,80
946,9.481857532,0.499773271,10,3.927607601,249,346
212,9.483176468,1.448531346,5,4.919900631,81,49
195,9.490728015,4.463335031,23,2.116259628,90,22
308,9.496886782,2.597277922,5,4.629172823,53,26
276,9.500205537,0.11066343,11,2.141630681,407,99
798,9.506658093,1.582836966,2,4.181198961,165,230
75,9.513526585,4.72478561,24,4.580576113,277,462
58,9.518950458,0.997691476,4,5.441160902,98,411
799,9.538953431,0.720981547,24,3.861081084,450,296
83,9.568740165,4.777795444,20,3.208665457,275,106
534,9.574072718,1.863953168,2,4.604357676,469,72
82,9.585487171,2.02201147,25,4.419899891,196,412
170,9.594946614,0.719594545,10,4.608166937,4,30
779,9.603724057,4.08365873,15,4.956437676,190,162
125,9.626532578,0.484255766,7,0.618527096,111,471
180,9.635330708,1.862455336,18,4.783642897,158,14
937,9.645711327,1.573931222,10,5.473494824,198,160
374,9.659945689,1.494654015,10,5.086606022,416,261
459,9.67814733,3.343721848,17,3.664647618,278,177
178,9.699471915,1.719628188,25,2.770183007,472,420
630,9.730345014,4.604479382,10,4.039162317,98,264
373,9.740866215,3.250504489,19,3.763957683,149,472
368,9.770390387,1.156770815,2,3.27058571,179,61
568,9.780382874,3.33526978,22,4.49792866,454,306
150,9.782651527,3.950892925,23,4.925482892,351,171
894,9.805512144,1.005150545,17,5.182030929,321,342
726,9.809245504,0.334892106,4,0.623224893,93,281
229,9.814786549,0.900627927,12,5.116646443,59,66
495,9.821814616,0.998613925,2,3.778975206,155,289
634,9.842867969,3.317473917,17,4.841568969,125,352
532,9.84999469,3.564507194,14,4.511869549,140,125
234,9.872003407,0.31323702,19,3.056521372,17,234
636,9.910093595,1.355244943,23,4.294075865,168,328
791,9.912936921,2.027379971,7,4.113849568,394,366
222,9.929218438,4.048460823,22,5.25292609,203,145
709,9.96012261,0.341458467,4,0.553760364,464,231
310,9.960245628,0.958815733,15,3.624499002,337,417
728,9.974204438,1.891576786,16,3.682723169,38,167
962,9.978321967,2.162636453,3,4.59434049,479,7
46,9.98934713,4.982009881,13,3.611455648,446,141
500,9.993714935,0.898790959,20,5.418385091,258,128
105,9.99920888,2.621085431,25,5.163757995,21,332
847,10.00722601,0.226519051,6,1.877858545,45,13
62,10.06459987,3.433114459,20,3.569892378,463,124
20,10.07498913,1.075166806,18,3.1772131,237,335
574,10.08247401,1.212963433,23,5.024800549,294,18
90,10.0907768,3.536117938,22,2.865073076,70,371
12,10.11693796,4.989446044,18,2.96990515,255,30
270,10.12239959,4.747133174,12,3.499427284,266,31
523,10.13571319,2.163719341,11,5.050592509,254,157
511,10.17791669,0.17472887,18,3.611576804,71,92
942,10.18347975,0.130324915,4,1.760512456,43,283
911,10.2060642,3.038740508,24,3.817412767,422,271
149,10.25507747,3.618064361,22,3.150855521,238,294
530,10.25623801,1.416105144,14,4.464770468,92,378
513,10.25730466,3.901852844,10,4.25159238,262,131
900,10.27342539,0.391686226,21,3.077767579,387,416
96,10.28897099,2.13255451,20,3.815421629,54,153
821,10.30208103,1.960438196,18,3.133667997,420,128
427,10.35125803,2.26108029,12,4.110012587,78,49
400,10.35662459,3.527082005,1,5.394786759,384,89
341,10.36128227,3.656016389,22,4.034871985,138,406
460,10.37287668,0.144617593,20,4.037832236,180,311
414,10.42371801,3.869526149,20,4.610374856,174,448
97,10.43416505,4.480849219,22,2.788953718,117,179
22,10.46007957,0.511783256,14,3.613492187,234,79
549,10.50816267,2.834599888,17,3.674021125,367,432
754,10.56393965,1.629506441,24,4.991076442,341,45
342,10.57323344,0.479554447,23,5.390683878,137,111
42,10.61567684,4.873920793,24,2.647143475,243,446
135,10.63121747,0.450683984,12,2.067886038,385,6
641,10.63344053,2.813628053,15,5.123162431,237,350
164,10.66052916,2.505093456,18,4.138658603,256,310
695,10.66890381,4.959762294,16,4.672981782,256,128
32,10.67604592,1.462035153,12,2.668193678,42,172
362,10.68539465,1.825658432,11,4.523539154,373,127
524,10.71786338,4.016198214,12,5.394042364,25,117
776,10.72168641,4.315985034,5,5.126360667,300,361
418,10.72413598,3.037780295,12,4.379601287,408,444
578,10.72971213,4.685614482,16,2.274392341,20,416
236,10.74216177,1.858526395,23,5.039583279,235,297
528,10.75062971,4.020329149,20,4.218763454,392,120
910,10.7533062,3.307558881,13,4.818097033,407,416
246,10.75852404,2.107094911,8,5.103453832,134,19
493,10.77021756,2.984382915,17,4.676874349,356,393
957,10.77707045,4.769051167,18,5.05253789,333,70
844,10.79056537,2.196134711,8,4.493985291,329,478
964,10.79092655,3.591998535,24,2.435544602,478,270
515,10.81238182,0.828676355,1,2.843826476,280,292
375,10.8128022,4.751111818,15,4.084668049,350,436
28,10.83789289,0.268446521,4,3.049766749,476,43
884,10.8906141,0.486173683,6,2.728320837,436,407
987,10.89288894,3.14817151,19,3.05936972,407,379
858,10.9152653,0.641967069,3,4.929578563,280,62
927,10.91538837,2.538481463,16,3.182045833,378,482
423,10.93293871,3.424820381,19,4.865848032,460,401
432,10.96117028,2.833024252,15,5.320470436,180,473
775,10.99748544,0.169553975,8,2.230902879,120,311
169,10.9978754,0.165050669,22,4.66109948,230,485
542,11.01083039,3.636649153,16,3.906816543,150,299
564,11.01093815,1.175538228,24,3.877120422,174,146
820,11.05094071,1.996355544,10,5.061598785,226,16
210,11.05645913,4.248344923,21,3.078678904,241,59
194,11.09215599,0.403660679,5,4.073596375,110,341
640,11.10783122,4.469552529,19,3.931034896,470,256
152,11.17451837,1.698642534,21,3.796821671,492,434
502,11.18618548,1.240826963,19,4.999256571,36,391
277,11.2290264,2.487690478,13,5.239082413,243,48
851,11.24132727,3.55009778,23,4.618537198,14,437
671,11.27020201,4.98054523,14,3.586753056,135,180
635,11.27438563,4.858360174,21,5.223619102,175,429
376,11.33263505,0.459657559,15,4.654460614,206,22
133,11.34275116,2.751379581,22,5.492300985,297,155
350,11.35011756,4.261637986,22,5.391188819,428,318
870,11.35770468,4.021838996,19,4.2072516,26,85
420,11.38852317,0.103049278,16,2.642190948,231,331
758,11.47375928,1.918721493,25,5.142498872,460,83
112,11.50907548,2.802417886,2,5.470402569,129,204
992,11.54545231,0.57726879,21,3.33728076,66,202
933,11.56533586,3.098377509,23,4.504653272,361,499
2,11.57816211,1.728179694,14,4.744934665,377,232
828,11.58347717,1.347961769,23,3.030200543,466,347
85,11.60040462,1.96580407,11,4.328301055,310,58
786,11.60072323,4.808627795,25,1.920033381,121,105
732,11.6272438,3.643592144,7,5.454960953,140,492
727,11.63885238,4.999767239,23,3.000641475,64,143
840,11.65067135,2.565763862,21,3.461106643,436,5
686,11.65353206,3.640132294,22,5.285773687,75,409
29,11.67612038,2.00071877,3,4.772707401,208,481
344,11.67933702,1.072100327,1,5.109383373,218,377
807,11.68911328,0.776388456,24,4.078668163,55,429
10,11.73529838,1.040648678,17,5.42880368,482,112
455,11.73967318,0.406732383,19,2.512552669,134,336
88,11.74552602,4.54196125,21,2.684436069,146,127
239,11.75504819,1.125145278,16,3.486448131,253,210
37,11.78993611,4.705965052,21,4.749639054,289,420
207,11.82351652,0.491815899,19,4.999960908,313,293
941,11.85707894,0.838307047,12,4.159479165,71,292
977,11.88106408,3.567416721,3,5.083906134,220,436
215,12.0192057,1.854424719,11,4.525462327,472,26
271,12.03018725,4.298034866,14,5.324061054,439,96
440,12.05648021,0.110335182,13,4.055681026,5,454
296,12.08585388,0.731779909,16,5.34157536,351,343
351,12.09096473,0.214628929,2,2.42144759,155,52
810,12.10718924,4.080731034,18,4.25161518,423,112
822,12.10955609,0.709605859,13,3.409446063,80,272
681,12.13164276,3.403716069,23,3.869921971,115,44
19,12.15553996,3.681302666,12,5.249369107,106,408
468,12.20809315,4.713917734,25,3.746490191,151,444
663,12.26222453,3.342428543,20,4.56386359,240,232
855,12.28789805,1.889299316,23,4.897981622,422,314
240,12.34292808,3.808666785,22,2.921837012,451,175
882,12.37102353,3.155568917,19,4.696651286,12,346
675,12.42140649,4.46524786,18,3.844219088,33,147
369,12.42562887,3.783081339,22,4.955699008,208,80
690,12.45286895,0.782121858,10,4.13738798,91,8
202,12.46168767,3.51287167,22,5.24155315,325,184
507,12.52492079,3.931658596,15,3.807748385,175,171
139,12.53420138,3.099154489,25,3.347195444,354,428
70,12.552643,4.201805115,16,3.934243735,90,148
982,12.56582127,1.335060797,13,4.312622989,135,260
652,12.57182971,2.126834424,2,4.24669125,481,55
205,12.65059859,4.510364014,22,4.501949742,8,42
480,12.7067764,0.83934313,15,4.244464557,147,258
456,12.71374722,3.512119701,18,4.688351663,46,454
38,12.78324976,4.499902181,18,5.445628416,360,202
735,12.81108389,4.174649559,20,2.83394012,433,302
919,12.83309056,2.872119366,4,5.373524115,345,249
505,12.83818215,4.199541488,21,5.126504852,434,98
694,12.91599834,0.35334145,15,3.867113056,308,397
711,12.94196653,3.793777511,5,5.0822906,16,198
416,12.95960858,1.97085551,24,5.352539807,330,157
221,13.01901667,0.117885903,22,4.76997704,380,471
159,13.04017931,0.188309647,1,4.003727145,176,229
87,13.08084264,1.604073111,17,3.667292874,498,223
770,13.08252254,3.070699172,24,1.054977504,44,3
494,13.09924087,0.771206928,22,4.583188373,56,133
315,13.10133361,0.708549808,19,3.7936567,151,70
935,13.10667508,4.094780382,20,2.346550726,47,289
631,13.1301928,4.560966281,18,5.23843152,172,472
830,13.16948998,4.588182736,25,5.030097969,115,21
381,13.20703102,3.276068966,19,4.987282384,331,424
585,13.21413283,0.379328278,21,2.747857219,53,17
323,13.21969482,0.681572772,19,4.494888536,361,329
286,13.22642628,4.208727646,19,5.154455018,38,93
461,13.23450927,1.716980972,23,4.835977159,147,338
225,13.273359,3.782112579,23,3.793899681,378,474
647,13.30781382,4.403104335,22,5.071733694,238,473
347,13.37796299,0.211644049,3,4.805810688,447,250
482,13.40785772,0.654195509,13,5.37070406,259,389
126,13.5044898,3.097818115,1,4.800698956,164,4
47,13.5344147,1.789000791,24,4.97147948,445,230
491,13.55772963,2.655823857,16,4.361506212,372,1
759,13.62663747,4.748509426,25,2.966985668,377,499
40,13.62745435,0.335690409,22,2.964450742,223,413
965,13.74275854,1.204140322,25,4.616466536,365,128
841,13.77721037,3.661390054,15,3.606493624,39,5
650,13.78465926,0.960111569,16,5.161005578,467,97
952,13.8067733,4.444430965,19,4.319806672,444,249
831,13.80811864,1.556316391,3,4.707067591,385,315
880,13.80910824,2.683778522,22,4.712858422,332,381
366,13.81597604,0.555728339,4,5.208032718,442,228
558,13.86828323,3.882555097,19,4.698611953,222,251
26,13.87379778,0.439489554,15,5.004163994,435,153
769,13.87642711,1.863365928,7,4.637292594,325,265
287,14.0161704,3.150388549,20,3.188424091,337,298
295,14.06334286,1.628161956,16,4.054279922,290,3
707,14.06341309,2.385662673,14,5.481163704,191,391
649,14.07548204,1.119814567,23,5.285890189,150,24
326,14.10923244,0.190656221,9,4.760013599,426,49
297,14.10945329,0.72932667,9,5.281984313,73,412
817,14.11073968,0.272650855,24,4.578716107,67,472
288,14.15902995,0.686616663,23,3.808247179,208,187
387,14.19238196,4.750365735,23,5.286873369,50,305
275,14.2405412,4.958315822,22,4.318525267,160,162
157,14.25680086,1.543695625,3,3.545983553,414,2
617,14.36711041,0.612522505,24,4.281928381,27,233
934,14.37131791,2.923465198,17,4.550811757,216,389
93,14.43811051,1.217393045,8,4.964595185,88,308
768,14.52853636,1.781164448,9,4.885972981,306,292
63,14.55957125,4.462450339,16,3.118905553,352,3
785,14.58621734,2.773508936,21,4.359390564,315,296
557,14.5862793,1.912324067,22,4.532658197,125,422
303,14.59094427,3.468017076,23,4.46812077,37,76
932,14.60474201,3.620765121,24,4.271002797,474,438
936,14.62405628,1.221404635,8,4.559148423,173,123
464,14.67261716,0.406313711,20,4.526682714,368,327
345,14.75422717,2.474624103,20,4.895747507,377,212
293,14.7714595,1.937498098,22,5.141966081,419,37
452,14.82770496,3.486236084,19,3.967823701,202,300
200,15.05406672,4.416592789,20,5.251669268,374,110
356,15.11368464,3.731792418,14,5.393468641,392,301
437,15.11560505,2.85196874,2,5.489390944,317,473
79,15.16768307,0.155521801,2,2.928933748,476,263
814,15.22780906,4.497302758,22,5.469570218,211,351
897,15.24598424,3.191610346,16,1.946383293,14,1
211,15.50901073,0.1007001,3,2.236324589,420,446
41,15.55692798,4.183430614,21,3.565429605,277,1
893,15.55784759,3.422557122,11,5.112279671,462,228
492,15.61023747,0.271708928,20,3.619534626,54,479
313,15.63251207,4.478470991,21,2.905994718,463,342
642,15.68353889,3.457780239,12,4.626864695,205,247
559,15.71005754,0.705944972,22,5.267835581,471,405
930,15.73679637,2.415643623,24,3.661110904,327,96
283,15.81502143,0.419379858,14,3.483502187,372,445
999,15.88904812,4.190986728,4,5.434608568,418,35
697,16.20758847,2.376081595,17,4.344412128,251,286
512,16.98402109,2.610054931,21,4.84139116,35,230
745,17.01973261,3.761100127,21,3.701067652,22,325
5,17.183363,2.81521486,12,3.208327712,408,0
608,17.183363,1.627462819,24,1.93361396,97,0
812,17.183363,3.58100728,6,0.777430118,202,0
905,17.183363,1.249077205,15,4.063089638,6,0
361,17.21530317,0.345794315,13,5.114356738,120,437
984,17.31017848,3.478107965,24,4.639679813,212,49
944,17.40158428,1.728908044,23,4.955420885,367,15
536,17.49031652,0.184505209,10,5.130219552,101,82
861,17.72575173,2.817757889,22,5.143164048,439,468
582,17.93658407,0.677172126,2,3.56094677,326,133
896,18.58474101,0.399229644,6,3.733671486,255,42
406,19.85433268,0.620674859,16,5.101564233,238,292
648,19.86052441,4.756355899,17,4.269672489,366,469
185,20.69558937,0.244360375,12,4.992715253,433,360
742,21.98746951,0.280188829,10,4.281375673,312,188
572,22.83950425,0.224672176,6,5.285696042,436,492
